,MC_frame,CrossLinkingMassSpectrometryRestraint_Psi_PSI_Chen,CrossLinkingMassSpectrometryRestraint_Psi_PSI_Trnka,XLs_satif
2800,2800.0,0.25,0.25,0.896551724137931
2801,2801.0,0.25,0.25,0.8773946360153256
2802,2802.0,0.25,0.25,0.9042145593869731
2803,2803.0,0.25,0.25,0.89272030651341
2804,2804.0,0.25,0.25,0.89272030651341
2805,2805.0,0.25,0.25,0.9003831417624522
2806,2806.0,0.25,0.25,0.89272030651341
2807,2807.0,0.25,0.25,0.8812260536398467
2808,2808.0,0.25,0.25,0.8850574712643678
2809,2809.0,0.25,0.25,0.8735632183908046
2810,2810.0,0.25,0.25,0.8888888888888888
2811,2811.0,0.25,0.25,0.8850574712643678
2812,2812.0,0.25,0.25,0.8850574712643678
2813,2813.0,0.25,0.25,0.896551724137931
2814,2814.0,0.25,0.25,0.89272030651341
2815,2815.0,0.25,0.25,0.89272030651341
2816,2816.0,0.25,0.25,0.8888888888888888
2817,2817.0,0.25,0.25,0.896551724137931
2818,2818.0,0.25,0.25,0.89272030651341
2819,2819.0,0.25,0.25,0.9003831417624522
2820,2820.0,0.25,0.25,0.89272030651341
2821,2821.0,0.25,0.25,0.9003831417624522
2822,2822.0,0.25,0.25,0.9003831417624522
2823,2823.0,0.25,0.25,0.896551724137931
2824,2824.0,0.25,0.25,0.9042145593869731
2825,2825.0,0.25,0.25,0.896551724137931
2826,2826.0,0.25,0.25,0.8888888888888888
2827,2827.0,0.25,0.25,0.8850574712643678
2828,2828.0,0.25,0.25,0.9042145593869731
2829,2829.0,0.25,0.25,0.9080459770114943
2830,2830.0,0.25,0.25,0.9080459770114943
2831,2831.0,0.25,0.25,0.896551724137931
2832,2832.0,0.25,0.25,0.9042145593869731
2833,2833.0,0.25,0.25,0.9042145593869731
2834,2834.0,0.25,0.25,0.896551724137931
2835,2835.0,0.25,0.25,0.896551724137931
2836,2836.0,0.25,0.25,0.9080459770114943
2837,2837.0,0.25,0.25,0.9080459770114943
2838,2838.0,0.25,0.25,0.9118773946360154
2839,2839.0,0.25,0.25,0.9003831417624522
2840,2840.0,0.25,0.25,0.9042145593869731
2841,2841.0,0.25,0.25,0.9042145593869731
2842,2842.0,0.25,0.25,0.9003831417624522
2843,2843.0,0.25,0.25,0.9003831417624522
2844,2844.0,0.25,0.25,0.8888888888888888
2845,2845.0,0.25,0.25,0.8850574712643678
2846,2846.0,0.25,0.25,0.8888888888888888
2847,2847.0,0.25,0.25,0.89272030651341
2848,2848.0,0.25,0.25,0.896551724137931
2849,2849.0,0.25,0.25,0.9003831417624522
2850,2850.0,0.25,0.25,0.8888888888888888
2851,2851.0,0.25,0.25,0.9042145593869731
2852,2852.0,0.25,0.25,0.9042145593869731
2853,2853.0,0.25,0.25,0.9042145593869731
2854,2854.0,0.25,0.25,0.9003831417624522
2855,2855.0,0.25,0.25,0.896551724137931
2856,2856.0,0.25,0.25,0.8850574712643678
2857,2857.0,0.25,0.25,0.8773946360153256
2858,2858.0,0.25,0.25,0.896551724137931
2859,2859.0,0.25,0.25,0.896551724137931
2860,2860.0,0.25,0.25,0.8697318007662835
2861,2861.0,0.25,0.25,0.8697318007662835
2862,2862.0,0.25,0.25,0.8812260536398467
2863,2863.0,0.25,0.25,0.8773946360153256
2864,2864.0,0.25,0.25,0.8773946360153256
2865,2865.0,0.25,0.25,0.8850574712643678
2866,2866.0,0.25,0.25,0.8888888888888888
2867,2867.0,0.25,0.25,0.8888888888888888
2868,2868.0,0.25,0.25,0.8812260536398467
2869,2869.0,0.25,0.25,0.8659003831417624
2870,2870.0,0.25,0.25,0.8812260536398467
2871,2871.0,0.25,0.25,0.89272030651341
2872,2872.0,0.25,0.25,0.896551724137931
2873,2873.0,0.25,0.25,0.89272030651341
2874,2874.0,0.25,0.25,0.89272030651341
2875,2875.0,0.25,0.25,0.8850574712643678
2876,2876.0,0.25,0.25,0.896551724137931
2877,2877.0,0.25,0.25,0.89272030651341
2878,2878.0,0.25,0.25,0.896551724137931
2879,2879.0,0.25,0.25,0.8888888888888888
2880,2880.0,0.25,0.25,0.8888888888888888
2881,2881.0,0.25,0.25,0.89272030651341
2882,2882.0,0.25,0.25,0.8850574712643678
2883,2883.0,0.25,0.25,0.8850574712643678
2884,2884.0,0.25,0.25,0.8850574712643678
2885,2885.0,0.25,0.25,0.8888888888888888
2886,2886.0,0.25,0.25,0.896551724137931
2887,2887.0,0.25,0.25,0.8888888888888888
2888,2888.0,0.25,0.25,0.8888888888888888
2889,2889.0,0.25,0.25,0.8812260536398467
2890,2890.0,0.25,0.25,0.8888888888888888
2891,2891.0,0.25,0.25,0.8888888888888888
2892,2892.0,0.25,0.25,0.9003831417624522
2893,2893.0,0.25,0.25,0.8812260536398467
2894,2894.0,0.25,0.25,0.8850574712643678
2895,2895.0,0.25,0.25,0.89272030651341
2896,2896.0,0.25,0.25,0.8888888888888888
2897,2897.0,0.25,0.25,0.8888888888888888
2898,2898.0,0.25,0.25,0.8773946360153256
2899,2899.0,0.25,0.25,0.89272030651341
2900,2900.0,0.25,0.25,0.89272030651341
2901,2901.0,0.25,0.25,0.89272030651341
2902,2902.0,0.25,0.25,0.9042145593869731
2903,2903.0,0.25,0.25,0.8850574712643678
2904,2904.0,0.25,0.25,0.8888888888888888
2905,2905.0,0.25,0.25,0.89272030651341
2906,2906.0,0.25,0.25,0.8850574712643678
2907,2907.0,0.25,0.25,0.89272030651341
2908,2908.0,0.25,0.25,0.89272030651341
2909,2909.0,0.25,0.25,0.8850574712643678
2910,2910.0,0.25,0.25,0.89272030651341
2911,2911.0,0.25,0.25,0.89272030651341
2912,2912.0,0.25,0.25,0.8888888888888888
2913,2913.0,0.25,0.25,0.896551724137931
2914,2914.0,0.25,0.25,0.8888888888888888
2915,2915.0,0.25,0.25,0.8888888888888888
2916,2916.0,0.25,0.25,0.8850574712643678
2917,2917.0,0.25,0.25,0.89272030651341
2918,2918.0,0.25,0.25,0.8812260536398467
2919,2919.0,0.25,0.25,0.8850574712643678
2920,2920.0,0.25,0.25,0.8888888888888888
2921,2921.0,0.25,0.25,0.8888888888888888
2922,2922.0,0.25,0.25,0.89272030651341
2923,2923.0,0.25,0.25,0.896551724137931
2924,2924.0,0.25,0.25,0.8773946360153256
2925,2925.0,0.25,0.25,0.896551724137931
2926,2926.0,0.25,0.25,0.896551724137931
2927,2927.0,0.25,0.25,0.8850574712643678
2928,2928.0,0.25,0.25,0.8888888888888888
2929,2929.0,0.25,0.25,0.8850574712643678
2930,2930.0,0.25,0.25,0.8888888888888888
2931,2931.0,0.25,0.25,0.896551724137931
2932,2932.0,0.25,0.25,0.89272030651341
2933,2933.0,0.25,0.25,0.8888888888888888
2934,2934.0,0.25,0.25,0.8888888888888888
2935,2935.0,0.25,0.25,0.8850574712643678
2936,2936.0,0.25,0.25,0.89272030651341
2937,2937.0,0.25,0.25,0.8850574712643678
2938,2938.0,0.25,0.25,0.89272030651341
2939,2939.0,0.25,0.25,0.8812260536398467
2940,2940.0,0.25,0.25,0.896551724137931
2941,2941.0,0.25,0.25,0.8773946360153256
2942,2942.0,0.25,0.25,0.8773946360153256
2943,2943.0,0.25,0.25,0.896551724137931
2944,2944.0,0.25,0.25,0.9042145593869731
2945,2945.0,0.25,0.25,0.896551724137931
2946,2946.0,0.25,0.25,0.896551724137931
2947,2947.0,0.25,0.25,0.896551724137931
2948,2948.0,0.25,0.25,0.9080459770114943
2949,2949.0,0.25,0.25,0.8888888888888888
2950,2950.0,0.25,0.25,0.89272030651341
2951,2951.0,0.25,0.25,0.8888888888888888
2952,2952.0,0.25,0.25,0.89272030651341
2953,2953.0,0.25,0.25,0.8888888888888888
2954,2954.0,0.25,0.25,0.8888888888888888
2955,2955.0,0.25,0.25,0.89272030651341
2956,2956.0,0.25,0.25,0.89272030651341
2957,2957.0,0.25,0.25,0.89272030651341
2958,2958.0,0.25,0.25,0.896551724137931
2959,2959.0,0.25,0.25,0.8850574712643678
2960,2960.0,0.25,0.25,0.89272030651341
2961,2961.0,0.25,0.25,0.89272030651341
2962,2962.0,0.25,0.25,0.9003831417624522
2963,2963.0,0.25,0.25,0.896551724137931
2964,2964.0,0.25,0.25,0.9003831417624522
2965,2965.0,0.25,0.25,0.89272030651341
2966,2966.0,0.25,0.25,0.8850574712643678
2967,2967.0,0.25,0.25,0.8735632183908046
2968,2968.0,0.25,0.25,0.8735632183908046
2969,2969.0,0.25,0.25,0.8773946360153256
2970,2970.0,0.25,0.25,0.8850574712643678
2971,2971.0,0.25,0.25,0.896551724137931
2972,2972.0,0.25,0.25,0.896551724137931
2973,2973.0,0.25,0.25,0.9003831417624522
2974,2974.0,0.25,0.25,0.8850574712643678
2975,2975.0,0.25,0.25,0.8850574712643678
2976,2976.0,0.25,0.25,0.8659003831417624
2977,2977.0,0.25,0.25,0.8888888888888888
2978,2978.0,0.25,0.25,0.8735632183908046
2979,2979.0,0.25,0.25,0.89272030651341
2980,2980.0,0.25,0.25,0.8888888888888888
2981,2981.0,0.25,0.25,0.8850574712643678
2982,2982.0,0.25,0.25,0.8888888888888888
2983,2983.0,0.25,0.25,0.8888888888888888
2984,2984.0,0.25,0.25,0.8812260536398467
2985,2985.0,0.25,0.25,0.8773946360153256
2986,2986.0,0.25,0.25,0.8735632183908046
2987,2987.0,0.25,0.25,0.8888888888888888
2988,2988.0,0.25,0.25,0.89272030651341
2989,2989.0,0.25,0.25,0.896551724137931
2990,2990.0,0.25,0.25,0.8735632183908046
2991,2991.0,0.25,0.25,0.8850574712643678
2992,2992.0,0.25,0.25,0.89272030651341
2993,2993.0,0.25,0.25,0.8812260536398467
2994,2994.0,0.25,0.25,0.8888888888888888
2995,2995.0,0.25,0.25,0.8812260536398467
2996,2996.0,0.25,0.25,0.8735632183908046
2997,2997.0,0.25,0.25,0.8773946360153256
2998,2998.0,0.25,0.25,0.8659003831417624
2999,2999.0,0.25,0.25,0.8850574712643678
3000,3000.0,0.25,0.25,0.8850574712643678
3001,3001.0,0.25,0.25,0.8888888888888888
3002,3002.0,0.25,0.25,0.8850574712643678
3003,3003.0,0.25,0.25,0.8888888888888888
3004,3004.0,0.25,0.25,0.89272030651341
3005,3005.0,0.25,0.25,0.8888888888888888
3006,3006.0,0.25,0.25,0.8888888888888888
3007,3007.0,0.25,0.25,0.8888888888888888
3008,3008.0,0.25,0.25,0.8888888888888888
3009,3009.0,0.25,0.25,0.896551724137931
3010,3010.0,0.25,0.25,0.8888888888888888
3011,3011.0,0.25,0.25,0.896551724137931
3012,3012.0,0.25,0.25,0.89272030651341
3013,3013.0,0.25,0.25,0.89272030651341
3014,3014.0,0.25,0.25,0.8812260536398467
3015,3015.0,0.25,0.25,0.8773946360153256
3016,3016.0,0.25,0.25,0.8888888888888888
3017,3017.0,0.25,0.25,0.8850574712643678
3018,3018.0,0.25,0.25,0.89272030651341
3019,3019.0,0.25,0.25,0.896551724137931
3020,3020.0,0.25,0.25,0.896551724137931
3021,3021.0,0.25,0.25,0.8888888888888888
3022,3022.0,0.25,0.25,0.89272030651341
3023,3023.0,0.25,0.25,0.8850574712643678
3024,3024.0,0.25,0.25,0.8850574712643678
3025,3025.0,0.25,0.25,0.8850574712643678
3026,3026.0,0.25,0.25,0.8888888888888888
3027,3027.0,0.25,0.25,0.896551724137931
3028,3028.0,0.25,0.25,0.89272030651341
3029,3029.0,0.25,0.25,0.896551724137931
3030,3030.0,0.25,0.25,0.89272030651341
3031,3031.0,0.25,0.25,0.8773946360153256
3032,3032.0,0.25,0.25,0.8812260536398467
3033,3033.0,0.25,0.25,0.8735632183908046
3034,3034.0,0.25,0.25,0.8888888888888888
3035,3035.0,0.25,0.25,0.89272030651341
3036,3036.0,0.25,0.25,0.896551724137931
3037,3037.0,0.25,0.25,0.89272030651341
3038,3038.0,0.25,0.25,0.8850574712643678
3039,3039.0,0.25,0.25,0.8812260536398467
3040,3040.0,0.25,0.25,0.8812260536398467
3041,3041.0,0.25,0.25,0.8812260536398467
3042,3042.0,0.25,0.25,0.89272030651341
3043,3043.0,0.25,0.25,0.8888888888888888
3044,3044.0,0.25,0.25,0.896551724137931
3045,3045.0,0.25,0.25,0.8888888888888888
3046,3046.0,0.25,0.25,0.896551724137931
3047,3047.0,0.25,0.25,0.8735632183908046
3048,3048.0,0.25,0.25,0.8620689655172413
3049,3049.0,0.25,0.25,0.8812260536398467
3050,3050.0,0.25,0.25,0.89272030651341
3051,3051.0,0.25,0.25,0.8773946360153256
3052,3052.0,0.25,0.25,0.89272030651341
3053,3053.0,0.25,0.25,0.89272030651341
3054,3054.0,0.25,0.25,0.8888888888888888
3055,3055.0,0.25,0.25,0.89272030651341
3056,3056.0,0.25,0.25,0.8812260536398467
3057,3057.0,0.25,0.25,0.8735632183908046
3058,3058.0,0.25,0.25,0.8850574712643678
3059,3059.0,0.25,0.25,0.8888888888888888
3060,3060.0,0.25,0.25,0.89272030651341
3061,3061.0,0.25,0.25,0.896551724137931
3062,3062.0,0.25,0.25,0.896551724137931
3063,3063.0,0.25,0.25,0.89272030651341
3064,3064.0,0.25,0.25,0.89272030651341
3065,3065.0,0.25,0.25,0.89272030651341
3066,3066.0,0.25,0.25,0.89272030651341
3067,3067.0,0.25,0.25,0.89272030651341
3068,3068.0,0.25,0.25,0.9003831417624522
3069,3069.0,0.25,0.25,0.8812260536398467
3070,3070.0,0.25,0.25,0.9003831417624522
3071,3071.0,0.25,0.25,0.9003831417624522
3072,3072.0,0.25,0.25,0.9003831417624522
3073,3073.0,0.25,0.25,0.8888888888888888
3074,3074.0,0.25,0.25,0.896551724137931
3075,3075.0,0.25,0.25,0.9003831417624522
3076,3076.0,0.25,0.25,0.896551724137931
3077,3077.0,0.25,0.25,0.9003831417624522
3078,3078.0,0.25,0.25,0.89272030651341
3079,3079.0,0.25,0.25,0.89272030651341
3080,3080.0,0.25,0.25,0.89272030651341
3081,3081.0,0.25,0.25,0.8850574712643678
3082,3082.0,0.25,0.25,0.896551724137931
3083,3083.0,0.25,0.25,0.89272030651341
3084,3084.0,0.25,0.25,0.896551724137931
3085,3085.0,0.25,0.25,0.89272030651341
3086,3086.0,0.25,0.25,0.896551724137931
3087,3087.0,0.25,0.25,0.9042145593869731
3088,3088.0,0.25,0.25,0.89272030651341
3089,3089.0,0.25,0.25,0.9003831417624522
3090,3090.0,0.25,0.25,0.89272030651341
3091,3091.0,0.25,0.25,0.896551724137931
3092,3092.0,0.25,0.25,0.89272030651341
3093,3093.0,0.25,0.25,0.9003831417624522
3094,3094.0,0.25,0.25,0.8888888888888888
3095,3095.0,0.25,0.25,0.9003831417624522
3096,3096.0,0.25,0.25,0.8850574712643678
3097,3097.0,0.25,0.25,0.89272030651341
3098,3098.0,0.25,0.25,0.8888888888888888
3099,3099.0,0.25,0.25,0.8812260536398467
3100,3100.0,0.25,0.25,0.8812260536398467
3101,3101.0,0.25,0.25,0.8888888888888888
3102,3102.0,0.25,0.25,0.8812260536398467
3103,3103.0,0.25,0.25,0.8888888888888888
3104,3104.0,0.25,0.25,0.8773946360153256
3105,3105.0,0.25,0.25,0.9003831417624522
3106,3106.0,0.25,0.25,0.8812260536398467
3107,3107.0,0.25,0.25,0.8735632183908046
3108,3108.0,0.25,0.25,0.89272030651341
3109,3109.0,0.25,0.25,0.8888888888888888
3110,3110.0,0.25,0.25,0.8812260536398467
3111,3111.0,0.25,0.25,0.8697318007662835
3112,3112.0,0.25,0.25,0.8850574712643678
3113,3113.0,0.25,0.25,0.8659003831417624
3114,3114.0,0.25,0.25,0.8697318007662835
3115,3115.0,0.25,0.25,0.8735632183908046
3116,3116.0,0.25,0.25,0.8467432950191571
3117,3117.0,0.25,0.25,0.8544061302681992
3118,3118.0,0.25,0.25,0.8620689655172413
3119,3119.0,0.25,0.25,0.8850574712643678
3120,3120.0,0.25,0.25,0.89272030651341
3121,3121.0,0.25,0.25,0.8735632183908046
3122,3122.0,0.25,0.25,0.8735632183908046
3123,3123.0,0.25,0.25,0.89272030651341
3124,3124.0,0.25,0.25,0.89272030651341
3125,3125.0,0.25,0.25,0.89272030651341
3126,3126.0,0.25,0.25,0.9003831417624522
3127,3127.0,0.25,0.25,0.9003831417624522
3128,3128.0,0.25,0.25,0.896551724137931
3129,3129.0,0.25,0.25,0.896551724137931
3130,3130.0,0.25,0.25,0.9003831417624522
3131,3131.0,0.25,0.25,0.89272030651341
3132,3132.0,0.25,0.25,0.896551724137931
3133,3133.0,0.25,0.25,0.8850574712643678
3134,3134.0,0.25,0.25,0.8773946360153256
3135,3135.0,0.25,0.25,0.8850574712643678
3136,3136.0,0.25,0.25,0.8888888888888888
3137,3137.0,0.25,0.25,0.89272030651341
3138,3138.0,0.25,0.25,0.8888888888888888
3139,3139.0,0.25,0.25,0.8850574712643678
3140,3140.0,0.25,0.25,0.8850574712643678
3141,3141.0,0.25,0.25,0.8850574712643678
3142,3142.0,0.25,0.25,0.8850574712643678
3143,3143.0,0.25,0.25,0.8773946360153256
3144,3144.0,0.25,0.25,0.8812260536398467
3145,3145.0,0.25,0.25,0.8850574712643678
3146,3146.0,0.25,0.25,0.8773946360153256
3147,3147.0,0.25,0.25,0.8888888888888888
3148,3148.0,0.25,0.25,0.8850574712643678
3149,3149.0,0.25,0.25,0.8888888888888888
3150,3150.0,0.25,0.25,0.89272030651341
3151,3151.0,0.25,0.25,0.8812260536398467
3152,3152.0,0.25,0.25,0.89272030651341
3153,3153.0,0.25,0.25,0.89272030651341
3154,3154.0,0.25,0.25,0.8850574712643678
3155,3155.0,0.25,0.25,0.8812260536398467
3156,3156.0,0.25,0.25,0.89272030651341
3157,3157.0,0.25,0.25,0.89272030651341
3158,3158.0,0.25,0.25,0.896551724137931
3159,3159.0,0.25,0.25,0.89272030651341
3160,3160.0,0.25,0.25,0.896551724137931
3161,3161.0,0.25,0.25,0.896551724137931
3162,3162.0,0.25,0.25,0.89272030651341
3163,3163.0,0.25,0.25,0.89272030651341
3164,3164.0,0.25,0.25,0.896551724137931
3165,3165.0,0.25,0.25,0.896551724137931
3166,3166.0,0.25,0.25,0.8812260536398467
3167,3167.0,0.25,0.25,0.896551724137931
3168,3168.0,0.25,0.25,0.896551724137931
3169,3169.0,0.25,0.25,0.9080459770114943
3170,3170.0,0.25,0.25,0.8888888888888888
3171,3171.0,0.25,0.25,0.8812260536398467
3172,3172.0,0.25,0.25,0.8888888888888888
3173,3173.0,0.25,0.25,0.89272030651341
3174,3174.0,0.25,0.25,0.8888888888888888
3175,3175.0,0.25,0.25,0.896551724137931
3176,3176.0,0.25,0.25,0.9003831417624522
3177,3177.0,0.25,0.25,0.896551724137931
3178,3178.0,0.25,0.25,0.8812260536398467
3179,3179.0,0.25,0.25,0.89272030651341
3180,3180.0,0.25,0.25,0.896551724137931
3181,3181.0,0.25,0.25,0.89272030651341
3182,3182.0,0.25,0.25,0.8888888888888888
3183,3183.0,0.25,0.25,0.89272030651341
3184,3184.0,0.25,0.25,0.89272030651341
3185,3185.0,0.25,0.25,0.8888888888888888
3186,3186.0,0.25,0.25,0.89272030651341
3187,3187.0,0.25,0.25,0.8850574712643678
3188,3188.0,0.25,0.25,0.896551724137931
3189,3189.0,0.25,0.25,0.896551724137931
3190,3190.0,0.25,0.25,0.896551724137931
3191,3191.0,0.25,0.25,0.896551724137931
3192,3192.0,0.25,0.25,0.896551724137931
3193,3193.0,0.25,0.25,0.9042145593869731
3194,3194.0,0.25,0.25,0.896551724137931
3195,3195.0,0.25,0.25,0.9042145593869731
3196,3196.0,0.25,0.25,0.9003831417624522
3197,3197.0,0.25,0.25,0.9042145593869731
3198,3198.0,0.25,0.25,0.9042145593869731
3199,3199.0,0.25,0.25,0.9003831417624522
3200,3200.0,0.25,0.25,0.896551724137931
3201,3201.0,0.25,0.25,0.8888888888888888
3202,3202.0,0.25,0.25,0.8850574712643678
3203,3203.0,0.25,0.25,0.8697318007662835
3204,3204.0,0.25,0.25,0.8697318007662835
3205,3205.0,0.25,0.25,0.89272030651341
3206,3206.0,0.25,0.25,0.8888888888888888
3207,3207.0,0.25,0.25,0.8888888888888888
3208,3208.0,0.25,0.25,0.8888888888888888
3209,3209.0,0.25,0.25,0.89272030651341
3210,3210.0,0.25,0.25,0.8888888888888888
3211,3211.0,0.25,0.25,0.8812260536398467
3212,3212.0,0.25,0.25,0.8850574712643678
3213,3213.0,0.25,0.25,0.8735632183908046
3214,3214.0,0.25,0.25,0.8888888888888888
3215,3215.0,0.25,0.25,0.8850574712643678
3216,3216.0,0.25,0.25,0.9003831417624522
3217,3217.0,0.25,0.25,0.896551724137931
3218,3218.0,0.25,0.25,0.89272030651341
3219,3219.0,0.25,0.25,0.896551724137931
3220,3220.0,0.25,0.25,0.896551724137931
3221,3221.0,0.25,0.25,0.8735632183908046
3222,3222.0,0.25,0.25,0.8888888888888888
3223,3223.0,0.25,0.25,0.8812260536398467
3224,3224.0,0.25,0.25,0.8735632183908046
3225,3225.0,0.25,0.25,0.8659003831417624
3226,3226.0,0.25,0.25,0.8850574712643678
3227,3227.0,0.25,0.25,0.8888888888888888
3228,3228.0,0.25,0.25,0.8850574712643678
3229,3229.0,0.25,0.25,0.896551724137931
3230,3230.0,0.25,0.25,0.8888888888888888
3231,3231.0,0.25,0.25,0.89272030651341
3232,3232.0,0.25,0.25,0.89272030651341
3233,3233.0,0.25,0.25,0.89272030651341
3234,3234.0,0.25,0.25,0.896551724137931
3235,3235.0,0.25,0.25,0.9042145593869731
3236,3236.0,0.25,0.25,0.896551724137931
3237,3237.0,0.25,0.25,0.896551724137931
3238,3238.0,0.25,0.25,0.8812260536398467
3239,3239.0,0.25,0.25,0.8735632183908046
3240,3240.0,0.25,0.25,0.8697318007662835
3241,3241.0,0.25,0.25,0.8773946360153256
3242,3242.0,0.25,0.25,0.8697318007662835
3243,3243.0,0.25,0.25,0.8659003831417624
3244,3244.0,0.25,0.25,0.8735632183908046
3245,3245.0,0.25,0.25,0.8850574712643678
3246,3246.0,0.25,0.25,0.89272030651341
3247,3247.0,0.25,0.25,0.8850574712643678
3248,3248.0,0.25,0.25,0.9042145593869731
3249,3249.0,0.25,0.25,0.8812260536398467
3250,3250.0,0.25,0.25,0.8888888888888888
3251,3251.0,0.25,0.25,0.8888888888888888
3252,3252.0,0.25,0.25,0.8812260536398467
3253,3253.0,0.25,0.25,0.896551724137931
3254,3254.0,0.25,0.25,0.8812260536398467
3255,3255.0,0.25,0.25,0.8812260536398467
3256,3256.0,0.25,0.25,0.8850574712643678
3257,3257.0,0.25,0.25,0.8620689655172413
3258,3258.0,0.25,0.25,0.8773946360153256
3259,3259.0,0.25,0.25,0.8697318007662835
3260,3260.0,0.25,0.25,0.8888888888888888
3261,3261.0,0.25,0.25,0.8850574712643678
3262,3262.0,0.25,0.25,0.8735632183908046
3263,3263.0,0.25,0.25,0.8773946360153256
3264,3264.0,0.25,0.25,0.8659003831417624
3265,3265.0,0.25,0.25,0.8773946360153256
3266,3266.0,0.25,0.25,0.8773946360153256
3267,3267.0,0.25,0.25,0.896551724137931
3268,3268.0,0.25,0.25,0.8888888888888888
3269,3269.0,0.25,0.25,0.89272030651341
3270,3270.0,0.25,0.25,0.89272030651341
3271,3271.0,0.25,0.25,0.8888888888888888
3272,3272.0,0.25,0.25,0.896551724137931
3273,3273.0,0.25,0.25,0.89272030651341
3274,3274.0,0.25,0.25,0.89272030651341
3275,3275.0,0.25,0.25,0.89272030651341
3276,3276.0,0.25,0.25,0.8850574712643678
3277,3277.0,0.25,0.25,0.8888888888888888
3278,3278.0,0.25,0.25,0.89272030651341
3279,3279.0,0.25,0.25,0.896551724137931
3280,3280.0,0.25,0.25,0.89272030651341
3281,3281.0,0.25,0.25,0.896551724137931
3282,3282.0,0.25,0.25,0.896551724137931
3283,3283.0,0.25,0.25,0.896551724137931
3284,3284.0,0.25,0.25,0.9003831417624522
3285,3285.0,0.25,0.25,0.8888888888888888
3286,3286.0,0.25,0.25,0.89272030651341
3287,3287.0,0.25,0.25,0.896551724137931
3288,3288.0,0.25,0.25,0.89272030651341
3289,3289.0,0.25,0.25,0.8888888888888888
3290,3290.0,0.25,0.25,0.8888888888888888
3291,3291.0,0.25,0.25,0.8850574712643678
3292,3292.0,0.25,0.25,0.89272030651341
3293,3293.0,0.25,0.25,0.8812260536398467
3294,3294.0,0.25,0.25,0.8888888888888888
3295,3295.0,0.25,0.25,0.8812260536398467
3296,3296.0,0.25,0.25,0.8888888888888888
3297,3297.0,0.25,0.25,0.8850574712643678
3298,3298.0,0.25,0.25,0.8812260536398467
3299,3299.0,0.25,0.25,0.8850574712643678
3300,3300.0,0.25,0.25,0.89272030651341
3301,3301.0,0.25,0.25,0.8850574712643678
3302,3302.0,0.25,0.25,0.8850574712643678
3303,3303.0,0.25,0.25,0.8888888888888888
3304,3304.0,0.25,0.25,0.89272030651341
3305,3305.0,0.25,0.25,0.8888888888888888
3306,3306.0,0.25,0.25,0.8735632183908046
3307,3307.0,0.25,0.25,0.8735632183908046
3308,3308.0,0.25,0.25,0.896551724137931
3309,3309.0,0.25,0.25,0.89272030651341
3310,3310.0,0.25,0.25,0.896551724137931
3311,3311.0,0.25,0.25,0.896551724137931
3312,3312.0,0.25,0.25,0.896551724137931
3313,3313.0,0.25,0.25,0.9003831417624522
3314,3314.0,0.25,0.25,0.9003831417624522
3315,3315.0,0.25,0.25,0.896551724137931
3316,3316.0,0.25,0.25,0.9003831417624522
3317,3317.0,0.25,0.25,0.89272030651341
3318,3318.0,0.25,0.25,0.89272030651341
3319,3319.0,0.25,0.25,0.8735632183908046
3320,3320.0,0.25,0.25,0.8812260536398467
3321,3321.0,0.25,0.25,0.89272030651341
3322,3322.0,0.25,0.25,0.8735632183908046
3323,3323.0,0.25,0.25,0.8735632183908046
3324,3324.0,0.25,0.25,0.8773946360153256
3325,3325.0,0.25,0.25,0.8812260536398467
3326,3326.0,0.25,0.25,0.8735632183908046
3327,3327.0,0.25,0.25,0.8812260536398467
3328,3328.0,0.25,0.25,0.896551724137931
3329,3329.0,0.25,0.25,0.8888888888888888
3330,3330.0,0.25,0.25,0.8850574712643678
3331,3331.0,0.25,0.25,0.8659003831417624
3332,3332.0,0.25,0.25,0.8620689655172413
3333,3333.0,0.25,0.25,0.8582375478927203
3334,3334.0,0.25,0.25,0.8659003831417624
3335,3335.0,0.25,0.25,0.8697318007662835
3336,3336.0,0.25,0.25,0.8659003831417624
3337,3337.0,0.25,0.25,0.8735632183908046
3338,3338.0,0.25,0.25,0.8812260536398467
3339,3339.0,0.25,0.25,0.8812260536398467
3340,3340.0,0.25,0.25,0.8812260536398467
3341,3341.0,0.25,0.25,0.8888888888888888
3342,3342.0,0.25,0.25,0.8659003831417624
3343,3343.0,0.25,0.25,0.9003831417624522
3344,3344.0,0.25,0.25,0.8888888888888888
3345,3345.0,0.25,0.25,0.8850574712643678
3346,3346.0,0.25,0.25,0.8659003831417624
3347,3347.0,0.25,0.25,0.8850574712643678
3348,3348.0,0.25,0.25,0.8888888888888888
3349,3349.0,0.25,0.25,0.8773946360153256
3350,3350.0,0.25,0.25,0.8888888888888888
3351,3351.0,0.25,0.25,0.8812260536398467
3352,3352.0,0.25,0.25,0.8812260536398467
3353,3353.0,0.25,0.25,0.8812260536398467
3354,3354.0,0.25,0.25,0.8812260536398467
3355,3355.0,0.25,0.25,0.8773946360153256
3356,3356.0,0.25,0.25,0.8773946360153256
3357,3357.0,0.25,0.25,0.8735632183908046
3358,3358.0,0.25,0.25,0.8697318007662835
3359,3359.0,0.25,0.25,0.8735632183908046
3360,3360.0,0.25,0.25,0.8773946360153256
3361,3361.0,0.25,0.25,0.8659003831417624
3362,3362.0,0.25,0.25,0.8697318007662835
3363,3363.0,0.25,0.25,0.8620689655172413
3364,3364.0,0.25,0.25,0.8697318007662835
3365,3365.0,0.25,0.25,0.8735632183908046
3366,3366.0,0.25,0.25,0.8620689655172413
3367,3367.0,0.25,0.25,0.8850574712643678
3368,3368.0,0.25,0.25,0.8659003831417624
3369,3369.0,0.25,0.25,0.8659003831417624
3370,3370.0,0.25,0.25,0.8735632183908046
3371,3371.0,0.25,0.25,0.8735632183908046
3372,3372.0,0.25,0.25,0.8850574712643678
3373,3373.0,0.25,0.25,0.896551724137931
3374,3374.0,0.25,0.25,0.89272030651341
3375,3375.0,0.25,0.25,0.89272030651341
3376,3376.0,0.25,0.25,0.8888888888888888
3377,3377.0,0.25,0.25,0.89272030651341
3378,3378.0,0.25,0.25,0.8888888888888888
3379,3379.0,0.25,0.25,0.89272030651341
3380,3380.0,0.25,0.25,0.8888888888888888
3381,3381.0,0.25,0.25,0.8773946360153256
3382,3382.0,0.25,0.25,0.8735632183908046
3383,3383.0,0.25,0.25,0.8888888888888888
3384,3384.0,0.25,0.25,0.896551724137931
3385,3385.0,0.25,0.25,0.89272030651341
3386,3386.0,0.25,0.25,0.89272030651341
3387,3387.0,0.25,0.25,0.8850574712643678
3388,3388.0,0.25,0.25,0.8888888888888888
3389,3389.0,0.25,0.25,0.896551724137931
3390,3390.0,0.25,0.25,0.8850574712643678
3391,3391.0,0.25,0.25,0.8888888888888888
3392,3392.0,0.25,0.25,0.89272030651341
3393,3393.0,0.25,0.25,0.89272030651341
3394,3394.0,0.25,0.25,0.89272030651341
3395,3395.0,0.25,0.25,0.896551724137931
3396,3396.0,0.25,0.25,0.8888888888888888
3397,3397.0,0.25,0.25,0.8888888888888888
3398,3398.0,0.25,0.25,0.8850574712643678
3399,3399.0,0.25,0.25,0.8850574712643678
3400,3400.0,0.25,0.25,0.896551724137931
3401,3401.0,0.25,0.25,0.896551724137931
3402,3402.0,0.25,0.25,0.9003831417624522
3403,3403.0,0.25,0.25,0.9003831417624522
3404,3404.0,0.25,0.25,0.896551724137931
3405,3405.0,0.25,0.25,0.8888888888888888
3406,3406.0,0.25,0.25,0.8812260536398467
3407,3407.0,0.25,0.25,0.896551724137931
3408,3408.0,0.25,0.25,0.896551724137931
3409,3409.0,0.25,0.25,0.896551724137931
3410,3410.0,0.25,0.25,0.8888888888888888
3411,3411.0,0.25,0.25,0.89272030651341
3412,3412.0,0.25,0.25,0.89272030651341
3413,3413.0,0.25,0.25,0.8850574712643678
3414,3414.0,0.25,0.25,0.8773946360153256
3415,3415.0,0.25,0.25,0.8773946360153256
3416,3416.0,0.25,0.25,0.8850574712643678
3417,3417.0,0.25,0.25,0.8850574712643678
3418,3418.0,0.25,0.25,0.8812260536398467
3419,3419.0,0.25,0.25,0.8697318007662835
3420,3420.0,0.25,0.25,0.8812260536398467
3421,3421.0,0.25,0.25,0.8850574712643678
3422,3422.0,0.25,0.25,0.89272030651341
3423,3423.0,0.25,0.25,0.89272030651341
3424,3424.0,0.25,0.25,0.89272030651341
3425,3425.0,0.25,0.25,0.8888888888888888
3426,3426.0,0.25,0.25,0.8888888888888888
3427,3427.0,0.25,0.25,0.8888888888888888
3428,3428.0,0.25,0.25,0.89272030651341
3429,3429.0,0.25,0.25,0.89272030651341
3430,3430.0,0.25,0.25,0.89272030651341
3431,3431.0,0.25,0.25,0.896551724137931
3432,3432.0,0.25,0.25,0.89272030651341
3433,3433.0,0.25,0.25,0.89272030651341
3434,3434.0,0.25,0.25,0.8850574712643678
3435,3435.0,0.25,0.25,0.8888888888888888
3436,3436.0,0.25,0.25,0.8888888888888888
3437,3437.0,0.25,0.25,0.8888888888888888
3438,3438.0,0.25,0.25,0.8850574712643678
3439,3439.0,0.25,0.25,0.8812260536398467
3440,3440.0,0.25,0.25,0.8773946360153256
3441,3441.0,0.25,0.25,0.8888888888888888
3442,3442.0,0.25,0.25,0.8888888888888888
3443,3443.0,0.25,0.25,0.8850574712643678
3444,3444.0,0.25,0.25,0.8888888888888888
3445,3445.0,0.25,0.25,0.89272030651341
3446,3446.0,0.25,0.25,0.8812260536398467
3447,3447.0,0.25,0.25,0.8850574712643678
3448,3448.0,0.25,0.25,0.8888888888888888
3449,3449.0,0.25,0.25,0.896551724137931
3450,3450.0,0.25,0.25,0.8888888888888888
3451,3451.0,0.25,0.25,0.8850574712643678
3452,3452.0,0.25,0.25,0.896551724137931
3453,3453.0,0.25,0.25,0.89272030651341
3454,3454.0,0.25,0.25,0.896551724137931
3455,3455.0,0.25,0.25,0.8735632183908046
3456,3456.0,0.25,0.25,0.8888888888888888
3457,3457.0,0.25,0.25,0.89272030651341
3458,3458.0,0.25,0.25,0.89272030651341
3459,3459.0,0.25,0.25,0.896551724137931
3460,3460.0,0.25,0.25,0.8888888888888888
3461,3461.0,0.25,0.25,0.8888888888888888
3462,3462.0,0.25,0.25,0.896551724137931
3463,3463.0,0.25,0.25,0.896551724137931
3464,3464.0,0.25,0.25,0.896551724137931
3465,3465.0,0.25,0.25,0.8888888888888888
3466,3466.0,0.25,0.25,0.8888888888888888
3467,3467.0,0.25,0.25,0.8888888888888888
3468,3468.0,0.25,0.25,0.9003831417624522
3469,3469.0,0.25,0.25,0.9042145593869731
3470,3470.0,0.25,0.25,0.896551724137931
3471,3471.0,0.25,0.25,0.9080459770114943
3472,3472.0,0.25,0.25,0.9003831417624522
3473,3473.0,0.25,0.25,0.896551724137931
3474,3474.0,0.25,0.25,0.9003831417624522
3475,3475.0,0.25,0.25,0.896551724137931
3476,3476.0,0.25,0.25,0.8888888888888888
3477,3477.0,0.25,0.25,0.9003831417624522
3478,3478.0,0.25,0.25,0.9042145593869731
3479,3479.0,0.25,0.25,0.896551724137931
3480,3480.0,0.25,0.25,0.896551724137931
3481,3481.0,0.25,0.25,0.89272030651341
3482,3482.0,0.25,0.25,0.896551724137931
3483,3483.0,0.25,0.25,0.9003831417624522
3484,3484.0,0.25,0.25,0.89272030651341
3485,3485.0,0.25,0.25,0.896551724137931
3486,3486.0,0.25,0.25,0.89272030651341
3487,3487.0,0.25,0.25,0.896551724137931
3488,3488.0,0.25,0.25,0.896551724137931
3489,3489.0,0.25,0.25,0.89272030651341
3490,3490.0,0.25,0.25,0.896551724137931
3491,3491.0,0.25,0.25,0.896551724137931
3492,3492.0,0.25,0.25,0.9003831417624522
3493,3493.0,0.25,0.25,0.89272030651341
3494,3494.0,0.25,0.25,0.89272030651341
3495,3495.0,0.25,0.25,0.8888888888888888
3496,3496.0,0.25,0.25,0.8888888888888888
3497,3497.0,0.25,0.25,0.896551724137931
3498,3498.0,0.25,0.25,0.896551724137931
3499,3499.0,0.25,0.25,0.896551724137931
3500,3500.0,0.25,0.25,0.896551724137931
3501,3501.0,0.25,0.25,0.9003831417624522
3502,3502.0,0.25,0.25,0.8812260536398467
3503,3503.0,0.25,0.25,0.8850574712643678
3504,3504.0,0.25,0.25,0.8888888888888888
3505,3505.0,0.25,0.25,0.896551724137931
3506,3506.0,0.25,0.25,0.89272030651341
3507,3507.0,0.25,0.25,0.8888888888888888
3508,3508.0,0.25,0.25,0.896551724137931
3509,3509.0,0.25,0.25,0.89272030651341
3510,3510.0,0.25,0.25,0.8812260536398467
3511,3511.0,0.25,0.25,0.8888888888888888
3512,3512.0,0.25,0.25,0.8888888888888888
3513,3513.0,0.25,0.25,0.89272030651341
3514,3514.0,0.25,0.25,0.89272030651341
3515,3515.0,0.25,0.25,0.896551724137931
3516,3516.0,0.25,0.25,0.896551724137931
3517,3517.0,0.25,0.25,0.8888888888888888
3518,3518.0,0.25,0.25,0.8888888888888888
3519,3519.0,0.25,0.25,0.89272030651341
3520,3520.0,0.25,0.25,0.8888888888888888
3521,3521.0,0.25,0.25,0.89272030651341
3522,3522.0,0.25,0.25,0.8850574712643678
3523,3523.0,0.25,0.25,0.8888888888888888
3524,3524.0,0.25,0.25,0.89272030651341
3525,3525.0,0.25,0.25,0.8888888888888888
3526,3526.0,0.25,0.25,0.896551724137931
3527,3527.0,0.25,0.25,0.896551724137931
3528,3528.0,0.25,0.25,0.89272030651341
3529,3529.0,0.25,0.25,0.89272030651341
3530,3530.0,0.25,0.25,0.89272030651341
3531,3531.0,0.25,0.25,0.89272030651341
3532,3532.0,0.25,0.25,0.89272030651341
3533,3533.0,0.25,0.25,0.89272030651341
3534,3534.0,0.25,0.25,0.8888888888888888
3535,3535.0,0.25,0.25,0.8888888888888888
3536,3536.0,0.25,0.25,0.896551724137931
3537,3537.0,0.25,0.25,0.8850574712643678
3538,3538.0,0.25,0.25,0.896551724137931
3539,3539.0,0.25,0.25,0.896551724137931
3540,3540.0,0.25,0.25,0.9003831417624522
3541,3541.0,0.25,0.25,0.896551724137931
3542,3542.0,0.25,0.25,0.896551724137931
3543,3543.0,0.25,0.25,0.89272030651341
3544,3544.0,0.25,0.25,0.89272030651341
3545,3545.0,0.25,0.25,0.8888888888888888
3546,3546.0,0.25,0.25,0.89272030651341
3547,3547.0,0.25,0.25,0.89272030651341
3548,3548.0,0.25,0.25,0.89272030651341
3549,3549.0,0.25,0.25,0.896551724137931
3550,3550.0,0.25,0.25,0.8850574712643678
3551,3551.0,0.25,0.25,0.8888888888888888
3552,3552.0,0.25,0.25,0.89272030651341
3553,3553.0,0.25,0.25,0.89272030651341
3554,3554.0,0.25,0.25,0.8888888888888888
3555,3555.0,0.25,0.25,0.89272030651341
3556,3556.0,0.25,0.25,0.8888888888888888
3557,3557.0,0.25,0.25,0.8850574712643678
3558,3558.0,0.25,0.25,0.8812260536398467
3559,3559.0,0.25,0.25,0.8773946360153256
3560,3560.0,0.25,0.25,0.8812260536398467
3561,3561.0,0.25,0.25,0.89272030651341
3562,3562.0,0.25,0.25,0.89272030651341
3563,3563.0,0.25,0.25,0.89272030651341
3564,3564.0,0.25,0.25,0.896551724137931
3565,3565.0,0.25,0.25,0.8850574712643678
3566,3566.0,0.25,0.25,0.896551724137931
3567,3567.0,0.25,0.25,0.896551724137931
3568,3568.0,0.25,0.25,0.9042145593869731
3569,3569.0,0.25,0.25,0.896551724137931
3570,3570.0,0.25,0.25,0.8888888888888888
3571,3571.0,0.25,0.25,0.8888888888888888
3572,3572.0,0.25,0.25,0.896551724137931
3573,3573.0,0.25,0.25,0.8812260536398467
3574,3574.0,0.25,0.25,0.8888888888888888
3575,3575.0,0.25,0.25,0.89272030651341
3576,3576.0,0.25,0.25,0.8888888888888888
3577,3577.0,0.25,0.25,0.89272030651341
3578,3578.0,0.25,0.25,0.896551724137931
3579,3579.0,0.25,0.25,0.8888888888888888
3580,3580.0,0.25,0.25,0.89272030651341
3581,3581.0,0.25,0.25,0.8888888888888888
3582,3582.0,0.25,0.25,0.8812260536398467
3583,3583.0,0.25,0.25,0.8888888888888888
3584,3584.0,0.25,0.25,0.8735632183908046
3585,3585.0,0.25,0.25,0.8850574712643678
3586,3586.0,0.25,0.25,0.9003831417624522
3587,3587.0,0.25,0.25,0.89272030651341
3588,3588.0,0.25,0.25,0.8888888888888888
3589,3589.0,0.25,0.25,0.89272030651341
3590,3590.0,0.25,0.25,0.8888888888888888
3591,3591.0,0.25,0.25,0.896551724137931
3592,3592.0,0.25,0.25,0.8812260536398467
3593,3593.0,0.25,0.25,0.8850574712643678
3594,3594.0,0.25,0.25,0.8850574712643678
3595,3595.0,0.25,0.25,0.8850574712643678
3596,3596.0,0.25,0.25,0.8888888888888888
3597,3597.0,0.25,0.25,0.8888888888888888
3598,3598.0,0.25,0.25,0.8850574712643678
3599,3599.0,0.25,0.25,0.8812260536398467
3600,3600.0,0.25,0.25,0.8888888888888888
3601,3601.0,0.25,0.25,0.8850574712643678
3602,3602.0,0.25,0.25,0.8850574712643678
3603,3603.0,0.25,0.25,0.8659003831417624
3604,3604.0,0.25,0.25,0.8888888888888888
3605,3605.0,0.25,0.25,0.8888888888888888
3606,3606.0,0.25,0.25,0.896551724137931
3607,3607.0,0.25,0.25,0.8888888888888888
3608,3608.0,0.25,0.25,0.89272030651341
3609,3609.0,0.25,0.25,0.89272030651341
3610,3610.0,0.25,0.25,0.8888888888888888
3611,3611.0,0.25,0.25,0.89272030651341
3612,3612.0,0.25,0.25,0.8850574712643678
3613,3613.0,0.25,0.25,0.89272030651341
3614,3614.0,0.25,0.25,0.9003831417624522
3615,3615.0,0.25,0.25,0.896551724137931
3616,3616.0,0.25,0.25,0.89272030651341
3617,3617.0,0.25,0.25,0.8812260536398467
3618,3618.0,0.25,0.25,0.8850574712643678
3619,3619.0,0.25,0.25,0.89272030651341
3620,3620.0,0.25,0.25,0.9003831417624522
3621,3621.0,0.25,0.25,0.896551724137931
3622,3622.0,0.25,0.25,0.8850574712643678
3623,3623.0,0.25,0.25,0.8888888888888888
3624,3624.0,0.25,0.25,0.8697318007662835
3625,3625.0,0.25,0.25,0.8773946360153256
3626,3626.0,0.25,0.25,0.896551724137931
3627,3627.0,0.25,0.25,0.89272030651341
3628,3628.0,0.25,0.25,0.9003831417624522
3629,3629.0,0.25,0.25,0.8888888888888888
3630,3630.0,0.25,0.25,0.896551724137931
3631,3631.0,0.25,0.25,0.896551724137931
3632,3632.0,0.25,0.25,0.896551724137931
3633,3633.0,0.25,0.25,0.896551724137931
3634,3634.0,0.25,0.25,0.9003831417624522
3635,3635.0,0.25,0.25,0.89272030651341
3636,3636.0,0.25,0.25,0.89272030651341
3637,3637.0,0.25,0.25,0.896551724137931
3638,3638.0,0.25,0.25,0.8888888888888888
3639,3639.0,0.25,0.25,0.8888888888888888
3640,3640.0,0.25,0.25,0.89272030651341
3641,3641.0,0.25,0.25,0.89272030651341
3642,3642.0,0.25,0.25,0.896551724137931
3643,3643.0,0.25,0.25,0.8888888888888888
3644,3644.0,0.25,0.25,0.89272030651341
3645,3645.0,0.25,0.25,0.896551724137931
3646,3646.0,0.25,0.25,0.896551724137931
3647,3647.0,0.25,0.25,0.89272030651341
3648,3648.0,0.25,0.25,0.896551724137931
3649,3649.0,0.25,0.25,0.896551724137931
3650,3650.0,0.25,0.25,0.896551724137931
3651,3651.0,0.25,0.25,0.896551724137931
3652,3652.0,0.25,0.25,0.896551724137931
3653,3653.0,0.25,0.25,0.9003831417624522
3654,3654.0,0.25,0.25,0.89272030651341
3655,3655.0,0.25,0.25,0.8812260536398467
3656,3656.0,0.25,0.25,0.89272030651341
3657,3657.0,0.25,0.25,0.896551724137931
3658,3658.0,0.25,0.25,0.896551724137931
3659,3659.0,0.25,0.25,0.89272030651341
3660,3660.0,0.25,0.25,0.896551724137931
3661,3661.0,0.25,0.25,0.89272030651341
3662,3662.0,0.25,0.25,0.9003831417624522
3663,3663.0,0.25,0.25,0.8850574712643678
3664,3664.0,0.25,0.25,0.89272030651341
3665,3665.0,0.25,0.25,0.896551724137931
3666,3666.0,0.25,0.25,0.89272030651341
3667,3667.0,0.25,0.25,0.9042145593869731
3668,3668.0,0.25,0.25,0.89272030651341
3669,3669.0,0.25,0.25,0.8850574712643678
3670,3670.0,0.25,0.25,0.89272030651341
3671,3671.0,0.25,0.25,0.8888888888888888
3672,3672.0,0.25,0.25,0.89272030651341
3673,3673.0,0.25,0.25,0.8888888888888888
3674,3674.0,0.25,0.25,0.896551724137931
3675,3675.0,0.25,0.25,0.9003831417624522
3676,3676.0,0.25,0.25,0.89272030651341
3677,3677.0,0.25,0.25,0.9003831417624522
3678,3678.0,0.25,0.25,0.9003831417624522
3679,3679.0,0.25,0.25,0.8812260536398467
3680,3680.0,0.25,0.25,0.9003831417624522
3681,3681.0,0.25,0.25,0.8697318007662835
3682,3682.0,0.25,0.25,0.8697318007662835
3683,3683.0,0.25,0.25,0.8620689655172413
3684,3684.0,0.25,0.25,0.8697318007662835
3685,3685.0,0.25,0.25,0.8773946360153256
3686,3686.0,0.25,0.25,0.8812260536398467
3687,3687.0,0.25,0.25,0.89272030651341
3688,3688.0,0.25,0.25,0.9003831417624522
3689,3689.0,0.25,0.25,0.896551724137931
3690,3690.0,0.25,0.25,0.89272030651341
3691,3691.0,0.25,0.25,0.89272030651341
3692,3692.0,0.25,0.25,0.8812260536398467
3693,3693.0,0.25,0.25,0.8850574712643678
3694,3694.0,0.25,0.25,0.8888888888888888
3695,3695.0,0.25,0.25,0.8850574712643678
3696,3696.0,0.25,0.25,0.896551724137931
3697,3697.0,0.25,0.25,0.896551724137931
3698,3698.0,0.25,0.25,0.8888888888888888
3699,3699.0,0.25,0.25,0.8888888888888888
3700,3700.0,0.25,0.25,0.8888888888888888
3701,3701.0,0.25,0.25,0.8812260536398467
3702,3702.0,0.25,0.25,0.89272030651341
3703,3703.0,0.25,0.25,0.896551724137931
3704,3704.0,0.25,0.25,0.8735632183908046
3705,3705.0,0.25,0.25,0.8773946360153256
3706,3706.0,0.25,0.25,0.8812260536398467
3707,3707.0,0.25,0.25,0.8735632183908046
3708,3708.0,0.25,0.25,0.8888888888888888
3709,3709.0,0.25,0.25,0.8812260536398467
3710,3710.0,0.25,0.25,0.89272030651341
3711,3711.0,0.25,0.25,0.896551724137931
3712,3712.0,0.25,0.25,0.89272030651341
3713,3713.0,0.25,0.25,0.8850574712643678
3714,3714.0,0.25,0.25,0.896551724137931
3715,3715.0,0.25,0.25,0.896551724137931
3716,3716.0,0.25,0.25,0.8888888888888888
3717,3717.0,0.25,0.25,0.8888888888888888
3718,3718.0,0.25,0.25,0.8850574712643678
3719,3719.0,0.25,0.25,0.8850574712643678
3720,3720.0,0.25,0.25,0.896551724137931
3721,3721.0,0.25,0.25,0.89272030651341
3722,3722.0,0.25,0.25,0.8888888888888888
3723,3723.0,0.25,0.25,0.8850574712643678
3724,3724.0,0.25,0.25,0.8773946360153256
3725,3725.0,0.25,0.25,0.8888888888888888
3726,3726.0,0.25,0.25,0.8812260536398467
3727,3727.0,0.25,0.25,0.9003831417624522
3728,3728.0,0.25,0.25,0.896551724137931
3729,3729.0,0.25,0.25,0.896551724137931
3730,3730.0,0.25,0.25,0.896551724137931
3731,3731.0,0.25,0.25,0.8888888888888888
3732,3732.0,0.25,0.25,0.89272030651341
3733,3733.0,0.25,0.25,0.89272030651341
3734,3734.0,0.25,0.25,0.8850574712643678
3735,3735.0,0.25,0.25,0.8888888888888888
3736,3736.0,0.25,0.25,0.8888888888888888
3737,3737.0,0.25,0.25,0.8888888888888888
3738,3738.0,0.25,0.25,0.8888888888888888
3739,3739.0,0.25,0.25,0.89272030651341
3740,3740.0,0.25,0.25,0.89272030651341
3741,3741.0,0.25,0.25,0.8888888888888888
3742,3742.0,0.25,0.25,0.89272030651341
3743,3743.0,0.25,0.25,0.896551724137931
3744,3744.0,0.25,0.25,0.89272030651341
3745,3745.0,0.25,0.25,0.8888888888888888
3746,3746.0,0.25,0.25,0.9003831417624522
3747,3747.0,0.25,0.25,0.89272030651341
3748,3748.0,0.25,0.25,0.9003831417624522
3749,3749.0,0.25,0.25,0.89272030651341
3750,3750.0,0.25,0.25,0.896551724137931
3751,3751.0,0.25,0.25,0.89272030651341
3752,3752.0,0.25,0.25,0.8850574712643678
3753,3753.0,0.25,0.25,0.8888888888888888
3754,3754.0,0.25,0.25,0.896551724137931
3755,3755.0,0.25,0.25,0.8850574712643678
3756,3756.0,0.25,0.25,0.8735632183908046
3757,3757.0,0.25,0.25,0.8773946360153256
3758,3758.0,0.25,0.25,0.8812260536398467
3759,3759.0,0.25,0.25,0.8697318007662835
3760,3760.0,0.25,0.25,0.8812260536398467
3761,3761.0,0.25,0.25,0.8850574712643678
3762,3762.0,0.25,0.25,0.8888888888888888
3763,3763.0,0.25,0.25,0.8888888888888888
3764,3764.0,0.25,0.25,0.89272030651341
3765,3765.0,0.25,0.25,0.89272030651341
3766,3766.0,0.25,0.25,0.89272030651341
3767,3767.0,0.25,0.25,0.8888888888888888
3768,3768.0,0.25,0.25,0.8888888888888888
3769,3769.0,0.25,0.25,0.8888888888888888
3770,3770.0,0.25,0.25,0.8888888888888888
3771,3771.0,0.25,0.25,0.8888888888888888
3772,3772.0,0.25,0.25,0.8697318007662835
3773,3773.0,0.25,0.25,0.89272030651341
3774,3774.0,0.25,0.25,0.896551724137931
3775,3775.0,0.25,0.25,0.89272030651341
3776,3776.0,0.25,0.25,0.8888888888888888
3777,3777.0,0.25,0.25,0.8659003831417624
3778,3778.0,0.25,0.25,0.8850574712643678
3779,3779.0,0.25,0.25,0.8850574712643678
3780,3780.0,0.25,0.25,0.896551724137931
3781,3781.0,0.25,0.25,0.89272030651341
3782,3782.0,0.25,0.25,0.896551724137931
3783,3783.0,0.25,0.25,0.896551724137931
3784,3784.0,0.25,0.25,0.896551724137931
3785,3785.0,0.25,0.25,0.8735632183908046
3786,3786.0,0.25,0.25,0.9003831417624522
3787,3787.0,0.25,0.25,0.89272030651341
3788,3788.0,0.25,0.25,0.9003831417624522
3789,3789.0,0.25,0.25,0.8812260536398467
3790,3790.0,0.25,0.25,0.8850574712643678
3791,3791.0,0.25,0.25,0.8850574712643678
3792,3792.0,0.25,0.25,0.9003831417624522
3793,3793.0,0.25,0.25,0.8888888888888888
3794,3794.0,0.25,0.25,0.8888888888888888
3795,3795.0,0.25,0.25,0.8773946360153256
3796,3796.0,0.25,0.25,0.896551724137931
3797,3797.0,0.25,0.25,0.8850574712643678
3798,3798.0,0.25,0.25,0.8812260536398467
3799,3799.0,0.25,0.25,0.89272030651341
3800,3800.0,0.25,0.25,0.8888888888888888
3801,3801.0,0.25,0.25,0.89272030651341
3802,3802.0,0.25,0.25,0.9003831417624522
3803,3803.0,0.25,0.25,0.896551724137931
3804,3804.0,0.25,0.25,0.8888888888888888
3805,3805.0,0.25,0.25,0.8812260536398467
3806,3806.0,0.25,0.25,0.896551724137931
3807,3807.0,0.25,0.25,0.89272030651341
3808,3808.0,0.25,0.25,0.9003831417624522
3809,3809.0,0.25,0.25,0.9042145593869731
3810,3810.0,0.25,0.25,0.8888888888888888
3811,3811.0,0.25,0.25,0.89272030651341
3812,3812.0,0.25,0.25,0.89272030651341
3813,3813.0,0.25,0.25,0.9042145593869731
3814,3814.0,0.25,0.25,0.89272030651341
3815,3815.0,0.25,0.25,0.896551724137931
3816,3816.0,0.25,0.25,0.896551724137931
3817,3817.0,0.25,0.25,0.9003831417624522
3818,3818.0,0.25,0.25,0.9042145593869731
3819,3819.0,0.25,0.25,0.8888888888888888
3820,3820.0,0.25,0.25,0.89272030651341
3821,3821.0,0.25,0.25,0.9003831417624522
3822,3822.0,0.25,0.25,0.896551724137931
3823,3823.0,0.25,0.25,0.896551724137931
3824,3824.0,0.25,0.25,0.89272030651341
3825,3825.0,0.25,0.25,0.896551724137931
3826,3826.0,0.25,0.25,0.89272030651341
3827,3827.0,0.25,0.25,0.9118773946360154
3828,3828.0,0.25,0.25,0.9080459770114943
3829,3829.0,0.25,0.25,0.9003831417624522
3830,3830.0,0.25,0.25,0.8812260536398467
3831,3831.0,0.25,0.25,0.8735632183908046
3832,3832.0,0.25,0.25,0.8850574712643678
3833,3833.0,0.25,0.25,0.89272030651341
3834,3834.0,0.25,0.25,0.896551724137931
3835,3835.0,0.25,0.25,0.8888888888888888
3836,3836.0,0.25,0.25,0.89272030651341
3837,3837.0,0.25,0.25,0.8812260536398467
3838,3838.0,0.25,0.25,0.8773946360153256
3839,3839.0,0.25,0.25,0.8812260536398467
3840,3840.0,0.25,0.25,0.8735632183908046
3841,3841.0,0.25,0.25,0.89272030651341
3842,3842.0,0.25,0.25,0.8850574712643678
3843,3843.0,0.25,0.25,0.9042145593869731
3844,3844.0,0.25,0.25,0.8850574712643678
3845,3845.0,0.25,0.25,0.8850574712643678
3846,3846.0,0.25,0.25,0.8735632183908046
3847,3847.0,0.25,0.25,0.8812260536398467
3848,3848.0,0.25,0.25,0.8697318007662835
3849,3849.0,0.25,0.25,0.8850574712643678
3850,3850.0,0.25,0.25,0.8888888888888888
3851,3851.0,0.25,0.25,0.8850574712643678
3852,3852.0,0.25,0.25,0.896551724137931
3853,3853.0,0.25,0.25,0.8888888888888888
3854,3854.0,0.25,0.25,0.8850574712643678
3855,3855.0,0.25,0.25,0.89272030651341
3856,3856.0,0.25,0.25,0.8888888888888888
3857,3857.0,0.25,0.25,0.89272030651341
3858,3858.0,0.25,0.25,0.89272030651341
3859,3859.0,0.25,0.25,0.896551724137931
3860,3860.0,0.25,0.25,0.89272030651341
3861,3861.0,0.25,0.25,0.896551724137931
3862,3862.0,0.25,0.25,0.9003831417624522
3863,3863.0,0.25,0.25,0.9003831417624522
3864,3864.0,0.25,0.25,0.896551724137931
3865,3865.0,0.25,0.25,0.9003831417624522
3866,3866.0,0.25,0.25,0.896551724137931
3867,3867.0,0.25,0.25,0.89272030651341
3868,3868.0,0.25,0.25,0.896551724137931
3869,3869.0,0.25,0.25,0.8888888888888888
3870,3870.0,0.25,0.25,0.8888888888888888
3871,3871.0,0.25,0.25,0.8850574712643678
3872,3872.0,0.25,0.25,0.8888888888888888
3873,3873.0,0.25,0.25,0.89272030651341
3874,3874.0,0.25,0.25,0.896551724137931
3875,3875.0,0.25,0.25,0.9003831417624522
3876,3876.0,0.25,0.25,0.896551724137931
3877,3877.0,0.25,0.25,0.9003831417624522
3878,3878.0,0.25,0.25,0.8888888888888888
3879,3879.0,0.25,0.25,0.9003831417624522
3880,3880.0,0.25,0.25,0.9003831417624522
3881,3881.0,0.25,0.25,0.8850574712643678
3882,3882.0,0.25,0.25,0.896551724137931
3883,3883.0,0.25,0.25,0.896551724137931
3884,3884.0,0.25,0.25,0.89272030651341
3885,3885.0,0.25,0.25,0.896551724137931
3886,3886.0,0.25,0.25,0.9003831417624522
3887,3887.0,0.25,0.25,0.8888888888888888
3888,3888.0,0.25,0.25,0.896551724137931
3889,3889.0,0.25,0.25,0.9042145593869731
3890,3890.0,0.25,0.25,0.89272030651341
3891,3891.0,0.25,0.25,0.89272030651341
3892,3892.0,0.25,0.25,0.89272030651341
3893,3893.0,0.25,0.25,0.8850574712643678
3894,3894.0,0.25,0.25,0.896551724137931
3895,3895.0,0.25,0.25,0.89272030651341
3896,3896.0,0.25,0.25,0.896551724137931
3897,3897.0,0.25,0.25,0.89272030651341
3898,3898.0,0.25,0.25,0.8888888888888888
3899,3899.0,0.25,0.25,0.89272030651341
3900,3900.0,0.25,0.25,0.89272030651341
3901,3901.0,0.25,0.25,0.8888888888888888
3902,3902.0,0.25,0.25,0.8620689655172413
3903,3903.0,0.25,0.25,0.8850574712643678
3904,3904.0,0.25,0.25,0.8888888888888888
3905,3905.0,0.25,0.25,0.8850574712643678
3906,3906.0,0.25,0.25,0.8812260536398467
3907,3907.0,0.25,0.25,0.8888888888888888
3908,3908.0,0.25,0.25,0.8888888888888888
3909,3909.0,0.25,0.25,0.8888888888888888
3910,3910.0,0.25,0.25,0.8812260536398467
3911,3911.0,0.25,0.25,0.8735632183908046
3912,3912.0,0.25,0.25,0.8812260536398467
3913,3913.0,0.25,0.25,0.89272030651341
3914,3914.0,0.25,0.25,0.8850574712643678
3915,3915.0,0.25,0.25,0.8888888888888888
3916,3916.0,0.25,0.25,0.8888888888888888
3917,3917.0,0.25,0.25,0.8773946360153256
3918,3918.0,0.25,0.25,0.89272030651341
3919,3919.0,0.25,0.25,0.89272030651341
3920,3920.0,0.25,0.25,0.89272030651341
3921,3921.0,0.25,0.25,0.896551724137931
3922,3922.0,0.25,0.25,0.896551724137931
3923,3923.0,0.25,0.25,0.896551724137931
3924,3924.0,0.25,0.25,0.8888888888888888
3925,3925.0,0.25,0.25,0.8812260536398467
3926,3926.0,0.25,0.25,0.8850574712643678
3927,3927.0,0.25,0.25,0.89272030651341
3928,3928.0,0.25,0.25,0.8888888888888888
3929,3929.0,0.25,0.25,0.8888888888888888
3930,3930.0,0.25,0.25,0.89272030651341
3931,3931.0,0.25,0.25,0.9003831417624522
3932,3932.0,0.25,0.25,0.8850574712643678
3933,3933.0,0.25,0.25,0.8888888888888888
3934,3934.0,0.25,0.25,0.8888888888888888
3935,3935.0,0.25,0.25,0.8850574712643678
3936,3936.0,0.25,0.25,0.8850574712643678
3937,3937.0,0.25,0.25,0.896551724137931
3938,3938.0,0.25,0.25,0.89272030651341
3939,3939.0,0.25,0.25,0.9042145593869731
3940,3940.0,0.25,0.25,0.89272030651341
3941,3941.0,0.25,0.25,0.89272030651341
3942,3942.0,0.25,0.25,0.89272030651341
3943,3943.0,0.25,0.25,0.8773946360153256
3944,3944.0,0.25,0.25,0.8850574712643678
3945,3945.0,0.25,0.25,0.8850574712643678
3946,3946.0,0.25,0.25,0.8888888888888888
3947,3947.0,0.25,0.25,0.8888888888888888
3948,3948.0,0.25,0.25,0.8850574712643678
3949,3949.0,0.25,0.25,0.8773946360153256
3950,3950.0,0.25,0.25,0.8888888888888888
3951,3951.0,0.25,0.25,0.8773946360153256
3952,3952.0,0.25,0.25,0.8888888888888888
3953,3953.0,0.25,0.25,0.896551724137931
3954,3954.0,0.25,0.25,0.89272030651341
3955,3955.0,0.25,0.25,0.8812260536398467
3956,3956.0,0.25,0.25,0.89272030651341
3957,3957.0,0.25,0.25,0.9042145593869731
3958,3958.0,0.25,0.25,0.9003831417624522
3959,3959.0,0.25,0.25,0.9003831417624522
3960,3960.0,0.25,0.25,0.9003831417624522
3961,3961.0,0.25,0.25,0.89272030651341
3962,3962.0,0.25,0.25,0.8888888888888888
3963,3963.0,0.25,0.25,0.89272030651341
3964,3964.0,0.25,0.25,0.8888888888888888
3965,3965.0,0.25,0.25,0.89272030651341
3966,3966.0,0.25,0.25,0.8888888888888888
3967,3967.0,0.25,0.25,0.8850574712643678
3968,3968.0,0.25,0.25,0.896551724137931
3969,3969.0,0.25,0.25,0.896551724137931
3970,3970.0,0.25,0.25,0.896551724137931
3971,3971.0,0.25,0.25,0.8888888888888888
3972,3972.0,0.25,0.25,0.896551724137931
3973,3973.0,0.25,0.25,0.8773946360153256
3974,3974.0,0.25,0.25,0.896551724137931
3975,3975.0,0.25,0.25,0.89272030651341
3976,3976.0,0.25,0.25,0.8888888888888888
3977,3977.0,0.25,0.25,0.9003831417624522
3978,3978.0,0.25,0.25,0.89272030651341
3979,3979.0,0.25,0.25,0.89272030651341
3980,3980.0,0.25,0.25,0.8888888888888888
3981,3981.0,0.25,0.25,0.89272030651341
3982,3982.0,0.25,0.25,0.9003831417624522
3983,3983.0,0.25,0.25,0.8735632183908046
3984,3984.0,0.25,0.25,0.896551724137931
3985,3985.0,0.25,0.25,0.8850574712643678
3986,3986.0,0.25,0.25,0.896551724137931
3987,3987.0,0.25,0.25,0.8850574712643678
3988,3988.0,0.25,0.25,0.89272030651341
3989,3989.0,0.25,0.25,0.8773946360153256
3990,3990.0,0.25,0.25,0.8888888888888888
3991,3991.0,0.25,0.25,0.8888888888888888
3992,3992.0,0.25,0.25,0.8812260536398467
3993,3993.0,0.25,0.25,0.8697318007662835
3994,3994.0,0.25,0.25,0.8850574712643678
3995,3995.0,0.25,0.25,0.89272030651341
3996,3996.0,0.25,0.25,0.8888888888888888
3997,3997.0,0.25,0.25,0.8888888888888888
3998,3998.0,0.25,0.25,0.89272030651341
3999,3999.0,0.25,0.25,0.896551724137931
4000,4000.0,0.25,0.25,0.9003831417624522
4001,4001.0,0.25,0.25,0.89272030651341
4002,4002.0,0.25,0.25,0.896551724137931
4003,4003.0,0.25,0.25,0.89272030651341
4004,4004.0,0.25,0.25,0.8888888888888888
4005,4005.0,0.25,0.25,0.89272030651341
4006,4006.0,0.25,0.25,0.896551724137931
4007,4007.0,0.25,0.25,0.9003831417624522
4008,4008.0,0.25,0.25,0.89272030651341
4009,4009.0,0.25,0.25,0.9003831417624522
4010,4010.0,0.25,0.25,0.9003831417624522
4011,4011.0,0.25,0.25,0.9003831417624522
4012,4012.0,0.25,0.25,0.8850574712643678
4013,4013.0,0.25,0.25,0.896551724137931
4014,4014.0,0.25,0.25,0.9003831417624522
4015,4015.0,0.25,0.25,0.896551724137931
4016,4016.0,0.25,0.25,0.89272030651341
4017,4017.0,0.25,0.25,0.89272030651341
4018,4018.0,0.25,0.25,0.89272030651341
4019,4019.0,0.25,0.25,0.89272030651341
4020,4020.0,0.25,0.25,0.896551724137931
4021,4021.0,0.25,0.25,0.89272030651341
4022,4022.0,0.25,0.25,0.8888888888888888
4023,4023.0,0.25,0.25,0.89272030651341
4024,4024.0,0.25,0.25,0.896551724137931
4025,4025.0,0.25,0.25,0.89272030651341
4026,4026.0,0.25,0.25,0.8888888888888888
4027,4027.0,0.25,0.25,0.896551724137931
4028,4028.0,0.25,0.25,0.89272030651341
4029,4029.0,0.25,0.25,0.9080459770114943
4030,4030.0,0.25,0.25,0.9003831417624522
4031,4031.0,0.25,0.25,0.9003831417624522
4032,4032.0,0.25,0.25,0.896551724137931
4033,4033.0,0.25,0.25,0.89272030651341
4034,4034.0,0.25,0.25,0.8812260536398467
4035,4035.0,0.25,0.25,0.896551724137931
4036,4036.0,0.25,0.25,0.89272030651341
4037,4037.0,0.25,0.25,0.896551724137931
4038,4038.0,0.25,0.25,0.896551724137931
4039,4039.0,0.25,0.25,0.89272030651341
4040,4040.0,0.25,0.25,0.896551724137931
4041,4041.0,0.25,0.25,0.8888888888888888
4042,4042.0,0.25,0.25,0.8850574712643678
4043,4043.0,0.25,0.25,0.8888888888888888
4044,4044.0,0.25,0.25,0.8888888888888888
4045,4045.0,0.25,0.25,0.9003831417624522
4046,4046.0,0.25,0.25,0.896551724137931
4047,4047.0,0.25,0.25,0.8888888888888888
4048,4048.0,0.25,0.25,0.9003831417624522
4049,4049.0,0.25,0.25,0.89272030651341
4050,4050.0,0.25,0.25,0.896551724137931
4051,4051.0,0.25,0.25,0.8888888888888888
4052,4052.0,0.25,0.25,0.8773946360153256
4053,4053.0,0.25,0.25,0.8888888888888888
4054,4054.0,0.25,0.25,0.896551724137931
4055,4055.0,0.25,0.25,0.8888888888888888
4056,4056.0,0.25,0.25,0.896551724137931
4057,4057.0,0.25,0.25,0.9003831417624522
4058,4058.0,0.25,0.25,0.9003831417624522
4059,4059.0,0.25,0.25,0.9003831417624522
4060,4060.0,0.25,0.25,0.8888888888888888
4061,4061.0,0.25,0.25,0.89272030651341
4062,4062.0,0.25,0.25,0.8812260536398467
4063,4063.0,0.25,0.25,0.8888888888888888
4064,4064.0,0.25,0.25,0.89272030651341
4065,4065.0,0.25,0.25,0.896551724137931
4066,4066.0,0.25,0.25,0.89272030651341
4067,4067.0,0.25,0.25,0.8620689655172413
4068,4068.0,0.25,0.25,0.8850574712643678
4069,4069.0,0.25,0.25,0.8850574712643678
4070,4070.0,0.25,0.25,0.8812260536398467
4071,4071.0,0.25,0.25,0.8888888888888888
4072,4072.0,0.25,0.25,0.8888888888888888
4073,4073.0,0.25,0.25,0.8888888888888888
4074,4074.0,0.25,0.25,0.896551724137931
4075,4075.0,0.25,0.25,0.89272030651341
4076,4076.0,0.25,0.25,0.8850574712643678
4077,4077.0,0.25,0.25,0.8850574712643678
4078,4078.0,0.25,0.25,0.8888888888888888
4079,4079.0,0.25,0.25,0.8812260536398467
4080,4080.0,0.25,0.25,0.8888888888888888
4081,4081.0,0.25,0.25,0.8888888888888888
4082,4082.0,0.25,0.25,0.8773946360153256
4083,4083.0,0.25,0.25,0.8850574712643678
4084,4084.0,0.25,0.25,0.8812260536398467
4085,4085.0,0.25,0.25,0.8812260536398467
4086,4086.0,0.25,0.25,0.8812260536398467
4087,4087.0,0.25,0.25,0.8850574712643678
4088,4088.0,0.25,0.25,0.89272030651341
4089,4089.0,0.25,0.25,0.89272030651341
4090,4090.0,0.25,0.25,0.8850574712643678
4091,4091.0,0.25,0.25,0.89272030651341
4092,4092.0,0.25,0.25,0.8888888888888888
4093,4093.0,0.25,0.25,0.8888888888888888
4094,4094.0,0.25,0.25,0.8812260536398467
4095,4095.0,0.25,0.25,0.8888888888888888
4096,4096.0,0.25,0.25,0.896551724137931
4097,4097.0,0.25,0.25,0.89272030651341
4098,4098.0,0.25,0.25,0.8888888888888888
4099,4099.0,0.25,0.25,0.8812260536398467
4100,4100.0,0.25,0.25,0.89272030651341
4101,4101.0,0.25,0.25,0.8888888888888888
4102,4102.0,0.25,0.25,0.896551724137931
4103,4103.0,0.25,0.25,0.9003831417624522
4104,4104.0,0.25,0.25,0.9003831417624522
4105,4105.0,0.25,0.25,0.8850574712643678
4106,4106.0,0.25,0.25,0.89272030651341
4107,4107.0,0.25,0.25,0.9042145593869731
4108,4108.0,0.25,0.25,0.9003831417624522
4109,4109.0,0.25,0.25,0.9003831417624522
4110,4110.0,0.25,0.25,0.896551724137931
4111,4111.0,0.25,0.25,0.89272030651341
4112,4112.0,0.25,0.25,0.89272030651341
4113,4113.0,0.25,0.25,0.89272030651341
4114,4114.0,0.25,0.25,0.896551724137931
4115,4115.0,0.25,0.25,0.896551724137931
4116,4116.0,0.25,0.25,0.896551724137931
4117,4117.0,0.25,0.25,0.9003831417624522
4118,4118.0,0.25,0.25,0.89272030651341
4119,4119.0,0.25,0.25,0.8850574712643678
4120,4120.0,0.25,0.25,0.8888888888888888
4121,4121.0,0.25,0.25,0.8773946360153256
4122,4122.0,0.25,0.25,0.8888888888888888
4123,4123.0,0.25,0.25,0.8735632183908046
4124,4124.0,0.25,0.25,0.8773946360153256
4125,4125.0,0.25,0.25,0.89272030651341
4126,4126.0,0.25,0.25,0.896551724137931
4127,4127.0,0.25,0.25,0.89272030651341
4128,4128.0,0.25,0.25,0.8850574712643678
4129,4129.0,0.25,0.25,0.896551724137931
4130,4130.0,0.25,0.25,0.89272030651341
4131,4131.0,0.25,0.25,0.89272030651341
4132,4132.0,0.25,0.25,0.9003831417624522
4133,4133.0,0.25,0.25,0.9003831417624522
4134,4134.0,0.25,0.25,0.896551724137931
4135,4135.0,0.25,0.25,0.8888888888888888
4136,4136.0,0.25,0.25,0.8888888888888888
4137,4137.0,0.25,0.25,0.8888888888888888
4138,4138.0,0.25,0.25,0.8850574712643678
4139,4139.0,0.25,0.25,0.9003831417624522
4140,4140.0,0.25,0.25,0.8850574712643678
4141,4141.0,0.25,0.25,0.8888888888888888
4142,4142.0,0.25,0.25,0.89272030651341
4143,4143.0,0.25,0.25,0.89272030651341
4144,4144.0,0.25,0.25,0.89272030651341
4145,4145.0,0.25,0.25,0.89272030651341
4146,4146.0,0.25,0.25,0.896551724137931
4147,4147.0,0.25,0.25,0.8888888888888888
4148,4148.0,0.25,0.25,0.8812260536398467
4149,4149.0,0.25,0.25,0.8735632183908046
4150,4150.0,0.25,0.25,0.8850574712643678
4151,4151.0,0.25,0.25,0.8850574712643678
4152,4152.0,0.25,0.25,0.896551724137931
4153,4153.0,0.25,0.25,0.9003831417624522
4154,4154.0,0.25,0.25,0.9042145593869731
4155,4155.0,0.25,0.25,0.896551724137931
4156,4156.0,0.25,0.25,0.89272030651341
4157,4157.0,0.25,0.25,0.9003831417624522
4158,4158.0,0.25,0.25,0.8888888888888888
4159,4159.0,0.25,0.25,0.8697318007662835
4160,4160.0,0.25,0.25,0.9003831417624522
4161,4161.0,0.25,0.25,0.89272030651341
4162,4162.0,0.25,0.25,0.896551724137931
4163,4163.0,0.25,0.25,0.8888888888888888
4164,4164.0,0.25,0.25,0.896551724137931
4165,4165.0,0.25,0.25,0.8888888888888888
4166,4166.0,0.25,0.25,0.89272030651341
4167,4167.0,0.25,0.25,0.8812260536398467
4168,4168.0,0.25,0.25,0.89272030651341
4169,4169.0,0.25,0.25,0.8888888888888888
4170,4170.0,0.25,0.25,0.8850574712643678
4171,4171.0,0.25,0.25,0.89272030651341
4172,4172.0,0.25,0.25,0.9003831417624522
4173,4173.0,0.25,0.25,0.8888888888888888
4174,4174.0,0.25,0.25,0.89272030651341
4175,4175.0,0.25,0.25,0.9003831417624522
4176,4176.0,0.25,0.25,0.9042145593869731
4177,4177.0,0.25,0.25,0.9042145593869731
4178,4178.0,0.25,0.25,0.9042145593869731
4179,4179.0,0.25,0.25,0.8888888888888888
4180,4180.0,0.25,0.25,0.896551724137931
4181,4181.0,0.25,0.25,0.8888888888888888
4182,4182.0,0.25,0.25,0.8850574712643678
4183,4183.0,0.25,0.25,0.8850574712643678
4184,4184.0,0.25,0.25,0.8773946360153256
4185,4185.0,0.25,0.25,0.8773946360153256
4186,4186.0,0.25,0.25,0.8773946360153256
4187,4187.0,0.25,0.25,0.89272030651341
4188,4188.0,0.25,0.25,0.8888888888888888
4189,4189.0,0.25,0.25,0.9003831417624522
4190,4190.0,0.25,0.25,0.9003831417624522
4191,4191.0,0.25,0.25,0.9003831417624522
4192,4192.0,0.25,0.25,0.896551724137931
4193,4193.0,0.25,0.25,0.89272030651341
4194,4194.0,0.25,0.25,0.8773946360153256
4195,4195.0,0.25,0.25,0.8888888888888888
4196,4196.0,0.25,0.25,0.896551724137931
4197,4197.0,0.25,0.25,0.896551724137931
4198,4198.0,0.25,0.25,0.8888888888888888
4199,4199.0,0.25,0.25,0.89272030651341
4200,4200.0,0.25,0.25,0.89272030651341
4201,4201.0,0.25,0.25,0.89272030651341
4202,4202.0,0.25,0.25,0.8850574712643678
4203,4203.0,0.25,0.25,0.8888888888888888
4204,4204.0,0.25,0.25,0.89272030651341
4205,4205.0,0.25,0.25,0.8850574712643678
4206,4206.0,0.25,0.25,0.896551724137931
4207,4207.0,0.25,0.25,0.89272030651341
4208,4208.0,0.25,0.25,0.89272030651341
4209,4209.0,0.25,0.25,0.8850574712643678
4210,4210.0,0.25,0.25,0.89272030651341
4211,4211.0,0.25,0.25,0.9003831417624522
4212,4212.0,0.25,0.25,0.896551724137931
4213,4213.0,0.25,0.25,0.89272030651341
4214,4214.0,0.25,0.25,0.8888888888888888
4215,4215.0,0.25,0.25,0.8888888888888888
4216,4216.0,0.25,0.25,0.89272030651341
4217,4217.0,0.25,0.25,0.8888888888888888
4218,4218.0,0.25,0.25,0.89272030651341
4219,4219.0,0.25,0.25,0.8735632183908046
4220,4220.0,0.25,0.25,0.8850574712643678
4221,4221.0,0.25,0.25,0.89272030651341
4222,4222.0,0.25,0.25,0.8773946360153256
4223,4223.0,0.25,0.25,0.8850574712643678
4224,4224.0,0.25,0.25,0.8773946360153256
4225,4225.0,0.25,0.25,0.8773946360153256
4226,4226.0,0.25,0.25,0.8773946360153256
4227,4227.0,0.25,0.25,0.8812260536398467
4228,4228.0,0.25,0.25,0.8773946360153256
4229,4229.0,0.25,0.25,0.8697318007662835
4230,4230.0,0.25,0.25,0.8735632183908046
4231,4231.0,0.25,0.25,0.8735632183908046
4232,4232.0,0.25,0.25,0.8697318007662835
4233,4233.0,0.25,0.25,0.8735632183908046
4234,4234.0,0.25,0.25,0.8773946360153256
4235,4235.0,0.25,0.25,0.8888888888888888
4236,4236.0,0.25,0.25,0.89272030651341
4237,4237.0,0.25,0.25,0.896551724137931
4238,4238.0,0.25,0.25,0.8888888888888888
4239,4239.0,0.25,0.25,0.8888888888888888
4240,4240.0,0.25,0.25,0.8888888888888888
4241,4241.0,0.25,0.25,0.8888888888888888
4242,4242.0,0.25,0.25,0.8812260536398467
4243,4243.0,0.25,0.25,0.8812260536398467
4244,4244.0,0.25,0.25,0.8735632183908046
4245,4245.0,0.25,0.25,0.896551724137931
4246,4246.0,0.25,0.25,0.8888888888888888
4247,4247.0,0.25,0.25,0.8697318007662835
4248,4248.0,0.25,0.25,0.8697318007662835
4249,4249.0,0.25,0.25,0.8582375478927203
4250,4250.0,0.25,0.25,0.8659003831417624
4251,4251.0,0.25,0.25,0.8659003831417624
4252,4252.0,0.25,0.25,0.8850574712643678
4253,4253.0,0.25,0.25,0.896551724137931
4254,4254.0,0.25,0.25,0.8812260536398467
4255,4255.0,0.25,0.25,0.896551724137931
4256,4256.0,0.25,0.25,0.896551724137931
4257,4257.0,0.25,0.25,0.8850574712643678
4258,4258.0,0.25,0.25,0.8888888888888888
4259,4259.0,0.25,0.25,0.8888888888888888
4260,4260.0,0.25,0.25,0.8697318007662835
4261,4261.0,0.25,0.25,0.9003831417624522
4262,4262.0,0.25,0.25,0.8620689655172413
4263,4263.0,0.25,0.25,0.8773946360153256
4264,4264.0,0.25,0.25,0.89272030651341
4265,4265.0,0.25,0.25,0.8773946360153256
4266,4266.0,0.25,0.25,0.8812260536398467
4267,4267.0,0.25,0.25,0.8697318007662835
4268,4268.0,0.25,0.25,0.8850574712643678
4269,4269.0,0.25,0.25,0.8812260536398467
4270,4270.0,0.25,0.25,0.8850574712643678
4271,4271.0,0.25,0.25,0.8735632183908046
4272,4272.0,0.25,0.25,0.8888888888888888
4273,4273.0,0.25,0.25,0.8659003831417624
4274,4274.0,0.25,0.25,0.89272030651341
4275,4275.0,0.25,0.25,0.8735632183908046
4276,4276.0,0.25,0.25,0.8697318007662835
4277,4277.0,0.25,0.25,0.8697318007662835
4278,4278.0,0.25,0.25,0.8659003831417624
4279,4279.0,0.25,0.25,0.8659003831417624
4280,4280.0,0.25,0.25,0.8812260536398467
4281,4281.0,0.25,0.25,0.8812260536398467
4282,4282.0,0.25,0.25,0.8812260536398467
4283,4283.0,0.25,0.25,0.8850574712643678
4284,4284.0,0.25,0.25,0.8850574712643678
4285,4285.0,0.25,0.25,0.89272030651341
4286,4286.0,0.25,0.25,0.8888888888888888
4287,4287.0,0.25,0.25,0.8850574712643678
4288,4288.0,0.25,0.25,0.89272030651341
4289,4289.0,0.25,0.25,0.8850574712643678
4290,4290.0,0.25,0.25,0.89272030651341
4291,4291.0,0.25,0.25,0.8773946360153256
4292,4292.0,0.25,0.25,0.8735632183908046
4293,4293.0,0.25,0.25,0.8812260536398467
4294,4294.0,0.25,0.25,0.8812260536398467
4295,4295.0,0.25,0.25,0.8812260536398467
4296,4296.0,0.25,0.25,0.896551724137931
4297,4297.0,0.25,0.25,0.89272030651341
4298,4298.0,0.25,0.25,0.9003831417624522
4299,4299.0,0.25,0.25,0.896551724137931
4300,4300.0,0.25,0.25,0.89272030651341
4301,4301.0,0.25,0.25,0.896551724137931
4302,4302.0,0.25,0.25,0.8888888888888888
4303,4303.0,0.25,0.25,0.8850574712643678
4304,4304.0,0.25,0.25,0.8888888888888888
4305,4305.0,0.25,0.25,0.896551724137931
4306,4306.0,0.25,0.25,0.8773946360153256
4307,4307.0,0.25,0.25,0.8773946360153256
4308,4308.0,0.25,0.25,0.8659003831417624
4309,4309.0,0.25,0.25,0.8850574712643678
4310,4310.0,0.25,0.25,0.8850574712643678
4311,4311.0,0.25,0.25,0.8888888888888888
4312,4312.0,0.25,0.25,0.8812260536398467
4313,4313.0,0.25,0.25,0.8697318007662835
4314,4314.0,0.25,0.25,0.8697318007662835
4315,4315.0,0.25,0.25,0.8812260536398467
4316,4316.0,0.25,0.25,0.8888888888888888
4317,4317.0,0.25,0.25,0.89272030651341
4318,4318.0,0.25,0.25,0.8888888888888888
4319,4319.0,0.25,0.25,0.8888888888888888
4320,4320.0,0.25,0.25,0.8888888888888888
4321,4321.0,0.25,0.25,0.89272030651341
4322,4322.0,0.25,0.25,0.8812260536398467
4323,4323.0,0.25,0.25,0.8888888888888888
4324,4324.0,0.25,0.25,0.8659003831417624
4325,4325.0,0.25,0.25,0.89272030651341
4326,4326.0,0.25,0.25,0.8888888888888888
4327,4327.0,0.25,0.25,0.8773946360153256
4328,4328.0,0.25,0.25,0.8735632183908046
4329,4329.0,0.25,0.25,0.8697318007662835
4330,4330.0,0.25,0.25,0.8697318007662835
4331,4331.0,0.25,0.25,0.8659003831417624
4332,4332.0,0.25,0.25,0.8812260536398467
4333,4333.0,0.25,0.25,0.8697318007662835
4334,4334.0,0.25,0.25,0.8735632183908046
4335,4335.0,0.25,0.25,0.8697318007662835
4336,4336.0,0.25,0.25,0.8659003831417624
4337,4337.0,0.25,0.25,0.8659003831417624
4338,4338.0,0.25,0.25,0.8620689655172413
4339,4339.0,0.25,0.25,0.89272030651341
4340,4340.0,0.25,0.25,0.8850574712643678
4341,4341.0,0.25,0.25,0.8812260536398467
4342,4342.0,0.25,0.25,0.8735632183908046
4343,4343.0,0.25,0.25,0.8697318007662835
4344,4344.0,0.25,0.25,0.8773946360153256
4345,4345.0,0.25,0.25,0.8850574712643678
4346,4346.0,0.25,0.25,0.8850574712643678
4347,4347.0,0.25,0.25,0.89272030651341
4348,4348.0,0.25,0.25,0.896551724137931
4349,4349.0,0.25,0.25,0.8888888888888888
4350,4350.0,0.25,0.25,0.89272030651341
4351,4351.0,0.25,0.25,0.89272030651341
4352,4352.0,0.25,0.25,0.8850574712643678
4353,4353.0,0.25,0.25,0.8850574712643678
4354,4354.0,0.25,0.25,0.8888888888888888
4355,4355.0,0.25,0.25,0.8888888888888888
4356,4356.0,0.25,0.25,0.89272030651341
4357,4357.0,0.25,0.25,0.8812260536398467
4358,4358.0,0.25,0.25,0.9003831417624522
4359,4359.0,0.25,0.25,0.896551724137931
4360,4360.0,0.25,0.25,0.8888888888888888
4361,4361.0,0.25,0.25,0.8812260536398467
4362,4362.0,0.25,0.25,0.8773946360153256
4363,4363.0,0.25,0.25,0.8888888888888888
4364,4364.0,0.25,0.25,0.8888888888888888
4365,4365.0,0.25,0.25,0.9003831417624522
4366,4366.0,0.25,0.25,0.8888888888888888
4367,4367.0,0.25,0.25,0.8888888888888888
4368,4368.0,0.25,0.25,0.89272030651341
4369,4369.0,0.25,0.25,0.896551724137931
4370,4370.0,0.25,0.25,0.896551724137931
4371,4371.0,0.25,0.25,0.896551724137931
4372,4372.0,0.25,0.25,0.89272030651341
4373,4373.0,0.25,0.25,0.9003831417624522
4374,4374.0,0.25,0.25,0.8888888888888888
4375,4375.0,0.25,0.25,0.89272030651341
4376,4376.0,0.25,0.25,0.9003831417624522
4377,4377.0,0.25,0.25,0.8888888888888888
4378,4378.0,0.25,0.25,0.9003831417624522
4379,4379.0,0.25,0.25,0.8888888888888888
4380,4380.0,0.25,0.25,0.9003831417624522
4381,4381.0,0.25,0.25,0.896551724137931
4382,4382.0,0.25,0.25,0.8888888888888888
4383,4383.0,0.25,0.25,0.89272030651341
4384,4384.0,0.25,0.25,0.89272030651341
4385,4385.0,0.25,0.25,0.89272030651341
4386,4386.0,0.25,0.25,0.8850574712643678
4387,4387.0,0.25,0.25,0.89272030651341
4388,4388.0,0.25,0.25,0.896551724137931
4389,4389.0,0.25,0.25,0.896551724137931
4390,4390.0,0.25,0.25,0.9042145593869731
4391,4391.0,0.25,0.25,0.8888888888888888
4392,4392.0,0.25,0.25,0.89272030651341
4393,4393.0,0.25,0.25,0.896551724137931
4394,4394.0,0.25,0.25,0.9003831417624522
4395,4395.0,0.25,0.25,0.8888888888888888
4396,4396.0,0.25,0.25,0.896551724137931
4397,4397.0,0.25,0.25,0.9003831417624522
4398,4398.0,0.25,0.25,0.9003831417624522
4399,4399.0,0.25,0.25,0.8850574712643678
4400,4400.0,0.25,0.25,0.8888888888888888
4401,4401.0,0.25,0.25,0.89272030651341
4402,4402.0,0.25,0.25,0.896551724137931
4403,4403.0,0.25,0.25,0.896551724137931
4404,4404.0,0.25,0.25,0.896551724137931
4405,4405.0,0.25,0.25,0.89272030651341
4406,4406.0,0.25,0.25,0.896551724137931
4407,4407.0,0.25,0.25,0.9003831417624522
4408,4408.0,0.25,0.25,0.89272030651341
4409,4409.0,0.25,0.25,0.8888888888888888
4410,4410.0,0.25,0.25,0.89272030651341
4411,4411.0,0.25,0.25,0.9042145593869731
4412,4412.0,0.25,0.25,0.89272030651341
4413,4413.0,0.25,0.25,0.9042145593869731
4414,4414.0,0.25,0.25,0.896551724137931
4415,4415.0,0.25,0.25,0.896551724137931
4416,4416.0,0.25,0.25,0.89272030651341
4417,4417.0,0.25,0.25,0.89272030651341
4418,4418.0,0.25,0.25,0.8888888888888888
4419,4419.0,0.25,0.25,0.8773946360153256
4420,4420.0,0.25,0.25,0.8812260536398467
4421,4421.0,0.25,0.25,0.896551724137931
4422,4422.0,0.25,0.25,0.8888888888888888
4423,4423.0,0.25,0.25,0.896551724137931
4424,4424.0,0.25,0.25,0.8888888888888888
4425,4425.0,0.25,0.25,0.89272030651341
4426,4426.0,0.25,0.25,0.8888888888888888
4427,4427.0,0.25,0.25,0.89272030651341
4428,4428.0,0.25,0.25,0.896551724137931
4429,4429.0,0.25,0.25,0.896551724137931
4430,4430.0,0.25,0.25,0.896551724137931
4431,4431.0,0.25,0.25,0.89272030651341
4432,4432.0,0.25,0.25,0.8812260536398467
4433,4433.0,0.25,0.25,0.8888888888888888
4434,4434.0,0.25,0.25,0.8812260536398467
4435,4435.0,0.25,0.25,0.89272030651341
4436,4436.0,0.25,0.25,0.8812260536398467
4437,4437.0,0.25,0.25,0.8888888888888888
4438,4438.0,0.25,0.25,0.89272030651341
4439,4439.0,0.25,0.25,0.896551724137931
4440,4440.0,0.25,0.25,0.89272030651341
4441,4441.0,0.25,0.25,0.8888888888888888
4442,4442.0,0.25,0.25,0.8888888888888888
4443,4443.0,0.25,0.25,0.89272030651341
4444,4444.0,0.25,0.25,0.8888888888888888
4445,4445.0,0.25,0.25,0.896551724137931
4446,4446.0,0.25,0.25,0.9003831417624522
4447,4447.0,0.25,0.25,0.896551724137931
4448,4448.0,0.25,0.25,0.89272030651341
4449,4449.0,0.25,0.25,0.896551724137931
4450,4450.0,0.25,0.25,0.896551724137931
4451,4451.0,0.25,0.25,0.9003831417624522
4452,4452.0,0.25,0.25,0.8888888888888888
4453,4453.0,0.25,0.25,0.8888888888888888
4454,4454.0,0.25,0.25,0.896551724137931
4455,4455.0,0.25,0.25,0.8888888888888888
4456,4456.0,0.25,0.25,0.8888888888888888
4457,4457.0,0.25,0.25,0.89272030651341
4458,4458.0,0.25,0.25,0.8812260536398467
4459,4459.0,0.25,0.25,0.8850574712643678
4460,4460.0,0.25,0.25,0.8773946360153256
4461,4461.0,0.25,0.25,0.8850574712643678
4462,4462.0,0.25,0.25,0.8888888888888888
4463,4463.0,0.25,0.25,0.8850574712643678
4464,4464.0,0.25,0.25,0.8888888888888888
4465,4465.0,0.25,0.25,0.8888888888888888
4466,4466.0,0.25,0.25,0.8888888888888888
4467,4467.0,0.25,0.25,0.8888888888888888
4468,4468.0,0.25,0.25,0.89272030651341
4469,4469.0,0.25,0.25,0.89272030651341
4470,4470.0,0.25,0.25,0.8850574712643678
4471,4471.0,0.25,0.25,0.896551724137931
4472,4472.0,0.25,0.25,0.89272030651341
4473,4473.0,0.25,0.25,0.896551724137931
4474,4474.0,0.25,0.25,0.89272030651341
4475,4475.0,0.25,0.25,0.9003831417624522
4476,4476.0,0.25,0.25,0.896551724137931
4477,4477.0,0.25,0.25,0.896551724137931
4478,4478.0,0.25,0.25,0.896551724137931
4479,4479.0,0.25,0.25,0.8888888888888888
4480,4480.0,0.25,0.25,0.896551724137931
4481,4481.0,0.25,0.25,0.8888888888888888
4482,4482.0,0.25,0.25,0.8888888888888888
4483,4483.0,0.25,0.25,0.89272030651341
4484,4484.0,0.25,0.25,0.89272030651341
4485,4485.0,0.25,0.25,0.89272030651341
4486,4486.0,0.25,0.25,0.89272030651341
4487,4487.0,0.25,0.25,0.8888888888888888
4488,4488.0,0.25,0.25,0.8850574712643678
4489,4489.0,0.25,0.25,0.8850574712643678
4490,4490.0,0.25,0.25,0.896551724137931
4491,4491.0,0.25,0.25,0.89272030651341
4492,4492.0,0.25,0.25,0.896551724137931
4493,4493.0,0.25,0.25,0.89272030651341
4494,4494.0,0.25,0.25,0.89272030651341
4495,4495.0,0.25,0.25,0.8888888888888888
4496,4496.0,0.25,0.25,0.8850574712643678
4497,4497.0,0.25,0.25,0.8888888888888888
4498,4498.0,0.25,0.25,0.8888888888888888
4499,4499.0,0.25,0.25,0.8850574712643678
4500,4500.0,0.25,0.25,0.8888888888888888
4501,4501.0,0.25,0.25,0.89272030651341
4502,4502.0,0.25,0.25,0.9003831417624522
4503,4503.0,0.25,0.25,0.89272030651341
4504,4504.0,0.25,0.25,0.89272030651341
4505,4505.0,0.25,0.25,0.8812260536398467
4506,4506.0,0.25,0.25,0.8888888888888888
4507,4507.0,0.25,0.25,0.8850574712643678
4508,4508.0,0.25,0.25,0.8812260536398467
4509,4509.0,0.25,0.25,0.8888888888888888
4510,4510.0,0.25,0.25,0.8735632183908046
4511,4511.0,0.25,0.25,0.8812260536398467
4512,4512.0,0.25,0.25,0.8812260536398467
4513,4513.0,0.25,0.25,0.8850574712643678
4514,4514.0,0.25,0.25,0.8888888888888888
4515,4515.0,0.25,0.25,0.8812260536398467
4516,4516.0,0.25,0.25,0.89272030651341
4517,4517.0,0.25,0.25,0.8888888888888888
4518,4518.0,0.25,0.25,0.896551724137931
4519,4519.0,0.25,0.25,0.89272030651341
4520,4520.0,0.25,0.25,0.896551724137931
4521,4521.0,0.25,0.25,0.896551724137931
4522,4522.0,0.25,0.25,0.8888888888888888
4523,4523.0,0.25,0.25,0.89272030651341
4524,4524.0,0.25,0.25,0.896551724137931
4525,4525.0,0.25,0.25,0.896551724137931
4526,4526.0,0.25,0.25,0.9003831417624522
4527,4527.0,0.25,0.25,0.9042145593869731
4528,4528.0,0.25,0.25,0.9003831417624522
4529,4529.0,0.25,0.25,0.9042145593869731
4530,4530.0,0.25,0.25,0.896551724137931
4531,4531.0,0.25,0.25,0.896551724137931
4532,4532.0,0.25,0.25,0.89272030651341
4533,4533.0,0.25,0.25,0.8812260536398467
4534,4534.0,0.25,0.25,0.9042145593869731
4535,4535.0,0.25,0.25,0.9042145593869731
4536,4536.0,0.25,0.25,0.9003831417624522
4537,4537.0,0.25,0.25,0.9003831417624522
4538,4538.0,0.25,0.25,0.89272030651341
4539,4539.0,0.25,0.25,0.89272030651341
4540,4540.0,0.25,0.25,0.896551724137931
4541,4541.0,0.25,0.25,0.9003831417624522
4542,4542.0,0.25,0.25,0.89272030651341
4543,4543.0,0.25,0.25,0.9003831417624522
4544,4544.0,0.25,0.25,0.89272030651341
4545,4545.0,0.25,0.25,0.89272030651341
4546,4546.0,0.25,0.25,0.896551724137931
4547,4547.0,0.25,0.25,0.896551724137931
4548,4548.0,0.25,0.25,0.89272030651341
4549,4549.0,0.25,0.25,0.896551724137931
4550,4550.0,0.25,0.25,0.9003831417624522
4551,4551.0,0.25,0.25,0.9042145593869731
4552,4552.0,0.25,0.25,0.896551724137931
4553,4553.0,0.25,0.25,0.896551724137931
4554,4554.0,0.25,0.25,0.896551724137931
4555,4555.0,0.25,0.25,0.9003831417624522
4556,4556.0,0.25,0.25,0.9003831417624522
4557,4557.0,0.25,0.25,0.89272030651341
4558,4558.0,0.25,0.25,0.896551724137931
4559,4559.0,0.25,0.25,0.8850574712643678
4560,4560.0,0.25,0.25,0.8888888888888888
4561,4561.0,0.25,0.25,0.8812260536398467
4562,4562.0,0.25,0.25,0.896551724137931
4563,4563.0,0.25,0.25,0.8888888888888888
4564,4564.0,0.25,0.25,0.8812260536398467
4565,4565.0,0.25,0.25,0.8812260536398467
4566,4566.0,0.25,0.25,0.8850574712643678
4567,4567.0,0.25,0.25,0.8888888888888888
4568,4568.0,0.25,0.25,0.896551724137931
4569,4569.0,0.25,0.25,0.8888888888888888
4570,4570.0,0.25,0.25,0.89272030651341
4571,4571.0,0.25,0.25,0.8888888888888888
4572,4572.0,0.25,0.25,0.89272030651341
4573,4573.0,0.25,0.25,0.89272030651341
4574,4574.0,0.25,0.25,0.8773946360153256
4575,4575.0,0.25,0.25,0.89272030651341
4576,4576.0,0.25,0.25,0.896551724137931
4577,4577.0,0.25,0.25,0.89272030651341
4578,4578.0,0.25,0.25,0.896551724137931
4579,4579.0,0.25,0.25,0.89272030651341
4580,4580.0,0.25,0.25,0.896551724137931
4581,4581.0,0.25,0.25,0.8888888888888888
4582,4582.0,0.25,0.25,0.89272030651341
4583,4583.0,0.25,0.25,0.8888888888888888
4584,4584.0,0.25,0.25,0.8888888888888888
4585,4585.0,0.25,0.25,0.896551724137931
4586,4586.0,0.25,0.25,0.89272030651341
4587,4587.0,0.25,0.25,0.89272030651341
4588,4588.0,0.25,0.25,0.896551724137931
4589,4589.0,0.25,0.25,0.89272030651341
4590,4590.0,0.25,0.25,0.8812260536398467
4591,4591.0,0.25,0.25,0.8850574712643678
4592,4592.0,0.25,0.25,0.89272030651341
4593,4593.0,0.25,0.25,0.896551724137931
4594,4594.0,0.25,0.25,0.8850574712643678
4595,4595.0,0.25,0.25,0.8888888888888888
4596,4596.0,0.25,0.25,0.89272030651341
4597,4597.0,0.25,0.25,0.8850574712643678
4598,4598.0,0.25,0.25,0.9080459770114943
4599,4599.0,0.25,0.25,0.896551724137931
4600,4600.0,0.25,0.25,0.896551724137931
4601,4601.0,0.25,0.25,0.9003831417624522
4602,4602.0,0.25,0.25,0.89272030651341
4603,4603.0,0.25,0.25,0.896551724137931
4604,4604.0,0.25,0.25,0.896551724137931
4605,4605.0,0.25,0.25,0.9042145593869731
4606,4606.0,0.25,0.25,0.9042145593869731
4607,4607.0,0.25,0.25,0.8888888888888888
4608,4608.0,0.25,0.25,0.896551724137931
4609,4609.0,0.25,0.25,0.896551724137931
4610,4610.0,0.25,0.25,0.896551724137931
4611,4611.0,0.25,0.25,0.8812260536398467
4612,4612.0,0.25,0.25,0.8850574712643678
4613,4613.0,0.25,0.25,0.8850574712643678
4614,4614.0,0.25,0.25,0.89272030651341
4615,4615.0,0.25,0.25,0.8773946360153256
4616,4616.0,0.25,0.25,0.896551724137931
4617,4617.0,0.25,0.25,0.8850574712643678
4618,4618.0,0.25,0.25,0.896551724137931
4619,4619.0,0.25,0.25,0.896551724137931
4620,4620.0,0.25,0.25,0.8888888888888888
4621,4621.0,0.25,0.25,0.9003831417624522
4622,4622.0,0.25,0.25,0.8850574712643678
4623,4623.0,0.25,0.25,0.8850574712643678
4624,4624.0,0.25,0.25,0.89272030651341
4625,4625.0,0.25,0.25,0.9003831417624522
4626,4626.0,0.25,0.25,0.8850574712643678
4627,4627.0,0.25,0.25,0.8888888888888888
4628,4628.0,0.25,0.25,0.8888888888888888
4629,4629.0,0.25,0.25,0.89272030651341
4630,4630.0,0.25,0.25,0.896551724137931
4631,4631.0,0.25,0.25,0.896551724137931
4632,4632.0,0.25,0.25,0.896551724137931
4633,4633.0,0.25,0.25,0.896551724137931
4634,4634.0,0.25,0.25,0.896551724137931
4635,4635.0,0.25,0.25,0.8735632183908046
4636,4636.0,0.25,0.25,0.8888888888888888
4637,4637.0,0.25,0.25,0.896551724137931
4638,4638.0,0.25,0.25,0.896551724137931
4639,4639.0,0.25,0.25,0.896551724137931
4640,4640.0,0.25,0.25,0.8850574712643678
4641,4641.0,0.25,0.25,0.89272030651341
4642,4642.0,0.25,0.25,0.89272030651341
4643,4643.0,0.25,0.25,0.8888888888888888
4644,4644.0,0.25,0.25,0.89272030651341
4645,4645.0,0.25,0.25,0.896551724137931
4646,4646.0,0.25,0.25,0.896551724137931
4647,4647.0,0.25,0.25,0.8850574712643678
4648,4648.0,0.25,0.25,0.89272030651341
4649,4649.0,0.25,0.25,0.8850574712643678
4650,4650.0,0.25,0.25,0.8697318007662835
4651,4651.0,0.25,0.25,0.8812260536398467
4652,4652.0,0.25,0.25,0.8850574712643678
4653,4653.0,0.25,0.25,0.8812260536398467
4654,4654.0,0.25,0.25,0.8773946360153256
4655,4655.0,0.25,0.25,0.8888888888888888
4656,4656.0,0.25,0.25,0.89272030651341
4657,4657.0,0.25,0.25,0.896551724137931
4658,4658.0,0.25,0.25,0.896551724137931
4659,4659.0,0.25,0.25,0.89272030651341
4660,4660.0,0.25,0.25,0.8850574712643678
4661,4661.0,0.25,0.25,0.89272030651341
4662,4662.0,0.25,0.25,0.896551724137931
4663,4663.0,0.25,0.25,0.8888888888888888
4664,4664.0,0.25,0.25,0.89272030651341
4665,4665.0,0.25,0.25,0.8888888888888888
4666,4666.0,0.25,0.25,0.8850574712643678
4667,4667.0,0.25,0.25,0.8773946360153256
4668,4668.0,0.25,0.25,0.8773946360153256
4669,4669.0,0.25,0.25,0.8773946360153256
4670,4670.0,0.25,0.25,0.8697318007662835
4671,4671.0,0.25,0.25,0.8773946360153256
4672,4672.0,0.25,0.25,0.89272030651341
4673,4673.0,0.25,0.25,0.89272030651341
4674,4674.0,0.25,0.25,0.89272030651341
4675,4675.0,0.25,0.25,0.896551724137931
4676,4676.0,0.25,0.25,0.8812260536398467
4677,4677.0,0.25,0.25,0.8735632183908046
4678,4678.0,0.25,0.25,0.8850574712643678
4679,4679.0,0.25,0.25,0.8888888888888888
4680,4680.0,0.25,0.25,0.89272030651341
4681,4681.0,0.25,0.25,0.8888888888888888
4682,4682.0,0.25,0.25,0.896551724137931
4683,4683.0,0.25,0.25,0.896551724137931
4684,4684.0,0.25,0.25,0.8850574712643678
4685,4685.0,0.25,0.25,0.8850574712643678
4686,4686.0,0.25,0.25,0.8850574712643678
4687,4687.0,0.25,0.25,0.89272030651341
4688,4688.0,0.25,0.25,0.8888888888888888
4689,4689.0,0.25,0.25,0.9003831417624522
4690,4690.0,0.25,0.25,0.8812260536398467
4691,4691.0,0.25,0.25,0.8888888888888888
4692,4692.0,0.25,0.25,0.8888888888888888
4693,4693.0,0.25,0.25,0.896551724137931
4694,4694.0,0.25,0.25,0.8850574712643678
4695,4695.0,0.25,0.25,0.896551724137931
4696,4696.0,0.25,0.25,0.8888888888888888
4697,4697.0,0.25,0.25,0.8850574712643678
4698,4698.0,0.25,0.25,0.89272030651341
4699,4699.0,0.25,0.25,0.89272030651341
4700,4700.0,0.25,0.25,0.89272030651341
4701,4701.0,0.25,0.25,0.896551724137931
4702,4702.0,0.25,0.25,0.896551724137931
4703,4703.0,0.25,0.25,0.896551724137931
4704,4704.0,0.25,0.25,0.8850574712643678
4705,4705.0,0.25,0.25,0.896551724137931
4706,4706.0,0.25,0.25,0.896551724137931
4707,4707.0,0.25,0.25,0.9042145593869731
4708,4708.0,0.25,0.25,0.896551724137931
4709,4709.0,0.25,0.25,0.89272030651341
4710,4710.0,0.25,0.25,0.89272030651341
4711,4711.0,0.25,0.25,0.896551724137931
4712,4712.0,0.25,0.25,0.9003831417624522
4713,4713.0,0.25,0.25,0.9003831417624522
4714,4714.0,0.25,0.25,0.896551724137931
4715,4715.0,0.25,0.25,0.896551724137931
4716,4716.0,0.25,0.25,0.896551724137931
4717,4717.0,0.25,0.25,0.8888888888888888
4718,4718.0,0.25,0.25,0.8850574712643678
4719,4719.0,0.25,0.25,0.8850574712643678
4720,4720.0,0.25,0.25,0.8850574712643678
4721,4721.0,0.25,0.25,0.896551724137931
4722,4722.0,0.25,0.25,0.89272030651341
4723,4723.0,0.25,0.25,0.8850574712643678
4724,4724.0,0.25,0.25,0.8888888888888888
4725,4725.0,0.25,0.25,0.89272030651341
4726,4726.0,0.25,0.25,0.8888888888888888
4727,4727.0,0.25,0.25,0.89272030651341
4728,4728.0,0.25,0.25,0.89272030651341
4729,4729.0,0.25,0.25,0.8888888888888888
4730,4730.0,0.25,0.25,0.89272030651341
4731,4731.0,0.25,0.25,0.8850574712643678
4732,4732.0,0.25,0.25,0.89272030651341
4733,4733.0,0.25,0.25,0.89272030651341
4734,4734.0,0.25,0.25,0.89272030651341
4735,4735.0,0.25,0.25,0.8888888888888888
4736,4736.0,0.25,0.25,0.89272030651341
4737,4737.0,0.25,0.25,0.89272030651341
4738,4738.0,0.25,0.25,0.8850574712643678
4739,4739.0,0.25,0.25,0.896551724137931
4740,4740.0,0.25,0.25,0.8888888888888888
4741,4741.0,0.25,0.25,0.89272030651341
4742,4742.0,0.25,0.25,0.8773946360153256
4743,4743.0,0.25,0.25,0.89272030651341
4744,4744.0,0.25,0.25,0.89272030651341
4745,4745.0,0.25,0.25,0.8888888888888888
4746,4746.0,0.25,0.25,0.8888888888888888
4747,4747.0,0.25,0.25,0.8850574712643678
4748,4748.0,0.25,0.25,0.9003831417624522
4749,4749.0,0.25,0.25,0.89272030651341
4750,4750.0,0.25,0.25,0.896551724137931
4751,4751.0,0.25,0.25,0.8888888888888888
4752,4752.0,0.25,0.25,0.8850574712643678
4753,4753.0,0.25,0.25,0.8888888888888888
4754,4754.0,0.25,0.25,0.8850574712643678
4755,4755.0,0.25,0.25,0.8888888888888888
4756,4756.0,0.25,0.25,0.8888888888888888
4757,4757.0,0.25,0.25,0.8850574712643678
4758,4758.0,0.25,0.25,0.89272030651341
4759,4759.0,0.25,0.25,0.8888888888888888
4760,4760.0,0.25,0.25,0.8888888888888888
4761,4761.0,0.25,0.25,0.8888888888888888
4762,4762.0,0.25,0.25,0.8850574712643678
4763,4763.0,0.25,0.25,0.89272030651341
4764,4764.0,0.25,0.25,0.9003831417624522
4765,4765.0,0.25,0.25,0.8888888888888888
4766,4766.0,0.25,0.25,0.8620689655172413
4767,4767.0,0.25,0.25,0.89272030651341
4768,4768.0,0.25,0.25,0.89272030651341
4769,4769.0,0.25,0.25,0.896551724137931
4770,4770.0,0.25,0.25,0.89272030651341
4771,4771.0,0.25,0.25,0.8888888888888888
4772,4772.0,0.25,0.25,0.8850574712643678
4773,4773.0,0.25,0.25,0.896551724137931
4774,4774.0,0.25,0.25,0.896551724137931
4775,4775.0,0.25,0.25,0.896551724137931
4776,4776.0,0.25,0.25,0.896551724137931
4777,4777.0,0.25,0.25,0.9003831417624522
4778,4778.0,0.25,0.25,0.89272030651341
4779,4779.0,0.25,0.25,0.89272030651341
4780,4780.0,0.25,0.25,0.8850574712643678
4781,4781.0,0.25,0.25,0.9042145593869731
4782,4782.0,0.25,0.25,0.9042145593869731
4783,4783.0,0.25,0.25,0.8850574712643678
4784,4784.0,0.25,0.25,0.89272030651341
4785,4785.0,0.25,0.25,0.8850574712643678
4786,4786.0,0.25,0.25,0.8850574712643678
4787,4787.0,0.25,0.25,0.8773946360153256
4788,4788.0,0.25,0.25,0.8850574712643678
4789,4789.0,0.25,0.25,0.8850574712643678
4790,4790.0,0.25,0.25,0.896551724137931
4791,4791.0,0.25,0.25,0.89272030651341
4792,4792.0,0.25,0.25,0.896551724137931
4793,4793.0,0.25,0.25,0.9003831417624522
4794,4794.0,0.25,0.25,0.9003831417624522
4795,4795.0,0.25,0.25,0.896551724137931
4796,4796.0,0.25,0.25,0.9042145593869731
4797,4797.0,0.25,0.25,0.9042145593869731
4798,4798.0,0.25,0.25,0.9042145593869731
4799,4799.0,0.25,0.25,0.8888888888888888
4800,4800.0,0.25,0.25,0.8812260536398467
4801,4801.0,0.25,0.25,0.8735632183908046
4802,4802.0,0.25,0.25,0.8812260536398467
4803,4803.0,0.25,0.25,0.8735632183908046
4804,4804.0,0.25,0.25,0.8735632183908046
4805,4805.0,0.25,0.25,0.8812260536398467
4806,4806.0,0.25,0.25,0.89272030651341
4807,4807.0,0.25,0.25,0.896551724137931
4808,4808.0,0.25,0.25,0.9003831417624522
4809,4809.0,0.25,0.25,0.89272030651341
4810,4810.0,0.25,0.25,0.9003831417624522
4811,4811.0,0.25,0.25,0.9042145593869731
4812,4812.0,0.25,0.25,0.9003831417624522
4813,4813.0,0.25,0.25,0.896551724137931
4814,4814.0,0.25,0.25,0.9003831417624522
4815,4815.0,0.25,0.25,0.89272030651341
4816,4816.0,0.25,0.25,0.9003831417624522
4817,4817.0,0.25,0.25,0.9003831417624522
4818,4818.0,0.25,0.25,0.89272030651341
4819,4819.0,0.25,0.25,0.896551724137931
4820,4820.0,0.25,0.25,0.896551724137931
4821,4821.0,0.25,0.25,0.9003831417624522
4822,4822.0,0.25,0.25,0.9003831417624522
4823,4823.0,0.25,0.25,0.9003831417624522
4824,4824.0,0.25,0.25,0.9042145593869731
4825,4825.0,0.25,0.25,0.9003831417624522
4826,4826.0,0.25,0.25,0.896551724137931
4827,4827.0,0.25,0.25,0.8697318007662835
4828,4828.0,0.25,0.25,0.8773946360153256
4829,4829.0,0.25,0.25,0.896551724137931
4830,4830.0,0.25,0.25,0.9003831417624522
4831,4831.0,0.25,0.25,0.89272030651341
4832,4832.0,0.25,0.25,0.89272030651341
4833,4833.0,0.25,0.25,0.896551724137931
4834,4834.0,0.25,0.25,0.896551724137931
4835,4835.0,0.25,0.25,0.89272030651341
4836,4836.0,0.25,0.25,0.8888888888888888
4837,4837.0,0.25,0.25,0.896551724137931
4838,4838.0,0.25,0.25,0.8888888888888888
4839,4839.0,0.25,0.25,0.89272030651341
4840,4840.0,0.25,0.25,0.9042145593869731
4841,4841.0,0.25,0.25,0.89272030651341
4842,4842.0,0.25,0.25,0.896551724137931
4843,4843.0,0.25,0.25,0.8888888888888888
4844,4844.0,0.25,0.25,0.9003831417624522
4845,4845.0,0.25,0.25,0.9003831417624522
4846,4846.0,0.25,0.25,0.896551724137931
4847,4847.0,0.25,0.25,0.896551724137931
4848,4848.0,0.25,0.25,0.896551724137931
4849,4849.0,0.25,0.25,0.9003831417624522
4850,4850.0,0.25,0.25,0.8888888888888888
4851,4851.0,0.25,0.25,0.896551724137931
4852,4852.0,0.25,0.25,0.9003831417624522
4853,4853.0,0.25,0.25,0.896551724137931
4854,4854.0,0.25,0.25,0.896551724137931
4855,4855.0,0.25,0.25,0.89272030651341
4856,4856.0,0.25,0.25,0.896551724137931
4857,4857.0,0.25,0.25,0.89272030651341
4858,4858.0,0.25,0.25,0.89272030651341
4859,4859.0,0.25,0.25,0.89272030651341
4860,4860.0,0.25,0.25,0.89272030651341
4861,4861.0,0.25,0.25,0.89272030651341
4862,4862.0,0.25,0.25,0.896551724137931
4863,4863.0,0.25,0.25,0.896551724137931
4864,4864.0,0.25,0.25,0.8888888888888888
4865,4865.0,0.25,0.25,0.896551724137931
4866,4866.0,0.25,0.25,0.8888888888888888
4867,4867.0,0.25,0.25,0.8888888888888888
4868,4868.0,0.25,0.25,0.8812260536398467
4869,4869.0,0.25,0.25,0.8888888888888888
4870,4870.0,0.25,0.25,0.8850574712643678
4871,4871.0,0.25,0.25,0.8850574712643678
4872,4872.0,0.25,0.25,0.8888888888888888
4873,4873.0,0.25,0.25,0.8888888888888888
4874,4874.0,0.25,0.25,0.8850574712643678
4875,4875.0,0.25,0.25,0.8812260536398467
4876,4876.0,0.25,0.25,0.89272030651341
4877,4877.0,0.25,0.25,0.896551724137931
4878,4878.0,0.25,0.25,0.9003831417624522
4879,4879.0,0.25,0.25,0.89272030651341
4880,4880.0,0.25,0.25,0.8812260536398467
4881,4881.0,0.25,0.25,0.8735632183908046
4882,4882.0,0.25,0.25,0.89272030651341
4883,4883.0,0.25,0.25,0.896551724137931
4884,4884.0,0.25,0.25,0.8888888888888888
4885,4885.0,0.25,0.25,0.8812260536398467
4886,4886.0,0.25,0.25,0.8888888888888888
4887,4887.0,0.25,0.25,0.8888888888888888
4888,4888.0,0.25,0.25,0.896551724137931
4889,4889.0,0.25,0.25,0.8850574712643678
4890,4890.0,0.25,0.25,0.8735632183908046
4891,4891.0,0.25,0.25,0.8773946360153256
4892,4892.0,0.25,0.25,0.89272030651341
4893,4893.0,0.25,0.25,0.8812260536398467
4894,4894.0,0.25,0.25,0.8812260536398467
4895,4895.0,0.25,0.25,0.8812260536398467
4896,4896.0,0.25,0.25,0.8659003831417624
4897,4897.0,0.25,0.25,0.8888888888888888
4898,4898.0,0.25,0.25,0.8773946360153256
4899,4899.0,0.25,0.25,0.8735632183908046
4900,4900.0,0.25,0.25,0.8888888888888888
4901,4901.0,0.25,0.25,0.8697318007662835
4902,4902.0,0.25,0.25,0.8735632183908046
4903,4903.0,0.25,0.25,0.89272030651341
4904,4904.0,0.25,0.25,0.8773946360153256
4905,4905.0,0.25,0.25,0.8850574712643678
4906,4906.0,0.25,0.25,0.8697318007662835
4907,4907.0,0.25,0.25,0.8735632183908046
4908,4908.0,0.25,0.25,0.8735632183908046
4909,4909.0,0.25,0.25,0.8812260536398467
4910,4910.0,0.25,0.25,0.8850574712643678
4911,4911.0,0.25,0.25,0.8812260536398467
4912,4912.0,0.25,0.25,0.8773946360153256
4913,4913.0,0.25,0.25,0.8773946360153256
4914,4914.0,0.25,0.25,0.8697318007662835
4915,4915.0,0.25,0.25,0.8850574712643678
4916,4916.0,0.25,0.25,0.8773946360153256
4917,4917.0,0.25,0.25,0.8697318007662835
4918,4918.0,0.25,0.25,0.8697318007662835
4919,4919.0,0.25,0.25,0.8812260536398467
4920,4920.0,0.25,0.25,0.8812260536398467
4921,4921.0,0.25,0.25,0.8812260536398467
4922,4922.0,0.25,0.25,0.8812260536398467
4923,4923.0,0.25,0.25,0.8697318007662835
4924,4924.0,0.25,0.25,0.8620689655172413
4925,4925.0,0.25,0.25,0.8850574712643678
4926,4926.0,0.25,0.25,0.8659003831417624
4927,4927.0,0.25,0.25,0.8735632183908046
4928,4928.0,0.25,0.25,0.8697318007662835
4929,4929.0,0.25,0.25,0.8582375478927203
4930,4930.0,0.25,0.25,0.8812260536398467
4931,4931.0,0.25,0.25,0.8620689655172413
4932,4932.0,0.25,0.25,0.8582375478927203
4933,4933.0,0.25,0.25,0.8544061302681992
4934,4934.0,0.25,0.25,0.8659003831417624
4935,4935.0,0.25,0.25,0.8735632183908046
4936,4936.0,0.25,0.25,0.8735632183908046
4937,4937.0,0.25,0.25,0.8697318007662835
4938,4938.0,0.25,0.25,0.8812260536398467
4939,4939.0,0.25,0.25,0.8850574712643678
4940,4940.0,0.25,0.25,0.8850574712643678
4941,4941.0,0.25,0.25,0.8812260536398467
4942,4942.0,0.25,0.25,0.8850574712643678
4943,4943.0,0.25,0.25,0.8812260536398467
4944,4944.0,0.25,0.25,0.8773946360153256
4945,4945.0,0.25,0.25,0.8697318007662835
4946,4946.0,0.25,0.25,0.8659003831417624
4947,4947.0,0.25,0.25,0.8697318007662835
4948,4948.0,0.25,0.25,0.8735632183908046
4949,4949.0,0.25,0.25,0.8697318007662835
4950,4950.0,0.25,0.25,0.8773946360153256
4951,4951.0,0.25,0.25,0.8773946360153256
4952,4952.0,0.25,0.25,0.8735632183908046
4953,4953.0,0.25,0.25,0.8735632183908046
4954,4954.0,0.25,0.25,0.8582375478927203
4955,4955.0,0.25,0.25,0.8620689655172413
4956,4956.0,0.25,0.25,0.8773946360153256
4957,4957.0,0.25,0.25,0.8735632183908046
4958,4958.0,0.25,0.25,0.8659003831417624
4959,4959.0,0.25,0.25,0.8697318007662835
4960,4960.0,0.25,0.25,0.8773946360153256
4961,4961.0,0.25,0.25,0.8659003831417624
4962,4962.0,0.25,0.25,0.8659003831417624
4963,4963.0,0.25,0.25,0.8620689655172413
4964,4964.0,0.25,0.25,0.8544061302681992
4965,4965.0,0.25,0.25,0.8735632183908046
4966,4966.0,0.25,0.25,0.8773946360153256
4967,4967.0,0.25,0.25,0.8659003831417624
4968,4968.0,0.25,0.25,0.8850574712643678
4969,4969.0,0.25,0.25,0.8850574712643678
4970,4970.0,0.25,0.25,0.89272030651341
4971,4971.0,0.25,0.25,0.89272030651341
4972,4972.0,0.25,0.25,0.8812260536398467
4973,4973.0,0.25,0.25,0.89272030651341
4974,4974.0,0.25,0.25,0.8812260536398467
4975,4975.0,0.25,0.25,0.8697318007662835
4976,4976.0,0.25,0.25,0.8773946360153256
4977,4977.0,0.25,0.25,0.8659003831417624
4978,4978.0,0.25,0.25,0.8659003831417624
4979,4979.0,0.25,0.25,0.8773946360153256
4980,4980.0,0.25,0.25,0.8659003831417624
4981,4981.0,0.25,0.25,0.8812260536398467
4982,4982.0,0.25,0.25,0.89272030651341
4983,4983.0,0.25,0.25,0.8850574712643678
4984,4984.0,0.25,0.25,0.8850574712643678
4985,4985.0,0.25,0.25,0.8735632183908046
4986,4986.0,0.25,0.25,0.8850574712643678
4987,4987.0,0.25,0.25,0.89272030651341
4988,4988.0,0.25,0.25,0.8812260536398467
4989,4989.0,0.25,0.25,0.8697318007662835
4990,4990.0,0.25,0.25,0.8735632183908046
4991,4991.0,0.25,0.25,0.8659003831417624
4992,4992.0,0.25,0.25,0.8735632183908046
4993,4993.0,0.25,0.25,0.8850574712643678
4994,4994.0,0.25,0.25,0.8773946360153256
4995,4995.0,0.25,0.25,0.8850574712643678
4996,4996.0,0.25,0.25,0.8773946360153256
4997,4997.0,0.25,0.25,0.8697318007662835
4998,4998.0,0.25,0.25,0.8735632183908046
4999,4999.0,0.25,0.25,0.8773946360153256
