,mean,std,min,max,perc_satif
CrossLinkingMassSpectrometryRestraint_Distance_|Chen|0.1|Rpb1|34|Rpb1|49|0|PSI|,13.676117934391419,6.288581917436535e-13,13.676117934392048,13.676117934392048,1.0
CrossLinkingMassSpectrometryRestraint_Distance_|Chen|1.1|Rpb1|101|Rpb1|143|0|PSI|,7.953167553870425,5.080605729906353e-13,7.953167553869917,7.953167553869917,1.0
CrossLinkingMassSpectrometryRestraint_Distance_|Chen|10.1|Rpb1|689|Rpb1|728|0|PSI|,14.791455523789464,6.910334366900599e-13,14.791455523790155,14.791455523790155,1.0
CrossLinkingMassSpectrometryRestraint_Distance_|Chen|100.1|Rpb4|1|Rpb6|72|0|PSI|,53.31789614716062,15.44489748264306,5.695118434814799,93.04739499870928,0.08828221946463392
CrossLinkingMassSpectrometryRestraint_Distance_|Chen|101.1|Rpb4|1|Rpb7|29|0|PSI|,42.50203820795368,15.609536285047533,1.7240771878267018,92.22048800870007,0.1923417833717426
CrossLinkingMassSpectrometryRestraint_Distance_|Chen|102.1|Rpb4|1|Rpb7|73|0|PSI|,43.57816734553825,15.813860129313378,0.6374971654002194,88.51896466873465,0.18853040241092006
CrossLinkingMassSpectrometryRestraint_Distance_|Chen|103.1|Rpb5|166|Rpb6|67|0|PSI|,15.110478382953236,3.431044093244699,7.456438609659204,28.750687506584367,1.0
CrossLinkingMassSpectrometryRestraint_Distance_|Chen|104.1|Rpb5|171|Rpb6|46|0|PSI|,24.175687134834035,5.740689885725736,5.568334489185968,45.734622017527634,0.8321219641907464
CrossLinkingMassSpectrometryRestraint_Distance_|Chen|105.1|Rpb5|171|Rpb6|67|0|PSI|,14.967187788508625,3.6638405594570753,2.6811832442786407,28.618422454341008,1.0
CrossLinkingMassSpectrometryRestraint_Distance_|Chen|106.1|Rpb5|171|Rpb6|72|0|PSI|,15.962868681468546,3.9792156765700106e-13,15.962868681468944,15.962868681468944,1.0
CrossLinkingMassSpectrometryRestraint_Distance_|Chen|107.1|Rpb6|72|Rpb7|73|0|PSI|,23.835332953282276,9.550597870358184,4.387588285862912,72.28599594052784,0.8354901613189151
CrossLinkingMassSpectrometryRestraint_Distance_|Chen|11.1|Rpb1|705|Rpb1|1093|0|PSI|,15.964957616493054,3.996980032268984e-12,15.964957616489057,15.964957616489057,1.0
CrossLinkingMassSpectrometryRestraint_Distance_|Chen|12.1|Rpb1|705|Rpb1|1132|0|PSI|,14.166532994907817,9.948039191425027e-14,14.166532994907717,14.166532994907717,1.0
CrossLinkingMassSpectrometryRestraint_Distance_|Chen|13.1|Rpb1|705|Rpb1|1286|0|PSI|,15.979878932206406,2.6912998883944492e-12,15.979878932203714,15.979878932203714,1.0
CrossLinkingMassSpectrometryRestraint_Distance_|Chen|14.1|Rpb1|773|Rpb1|1093|0|PSI|,12.440994022993456,1.9043389309299335e-12,12.440994022991552,12.440994022991552,1.0
CrossLinkingMassSpectrometryRestraint_Distance_|Chen|15.1|Rpb1|773|Rpb1|1112|0|PSI|,18.15238568270276,3.3787804539447146e-12,18.152385682699382,18.152385682699382,1.0
CrossLinkingMassSpectrometryRestraint_Distance_|Chen|16.1|Rpb1|830|Rpb1|1093|0|PSI|,19.060576992429674,1.2221876720893604e-12,19.060576992430896,19.060576992430896,1.0
CrossLinkingMassSpectrometryRestraint_Distance_|Chen|17.1|Rpb1|830|Rpb1|1102|0|PSI|,10.636694139899046,2.3964115837914932e-12,10.63669413989665,10.63669413989665,1.0
CrossLinkingMassSpectrometryRestraint_Distance_|Chen|18.1|Rpb1|830|Rpb1|1112|0|PSI|,17.715048841586313,9.41510852045583e-13,17.715048841587254,17.715048841587254,1.0
CrossLinkingMassSpectrometryRestraint_Distance_|Chen|19.1|Rpb1|934|Rpb1|941|0|PSI|,11.07826889331403,1.9949371449946973e-12,11.078268893316025,11.078268893316025,1.0
CrossLinkingMassSpectrometryRestraint_Distance_|Chen|2.1|Rpb1|101|Rpb1|176|0|PSI|,10.522884136403782,1.7604476497682504e-12,10.522884136405542,10.522884136405542,1.0
CrossLinkingMassSpectrometryRestraint_Distance_|Chen|20.1|Rpb1|938|Rpb1|991|0|PSI|,15.649332166514048,1.4406892471867316e-12,15.649332166515489,15.649332166515489,1.0
CrossLinkingMassSpectrometryRestraint_Distance_|Chen|21.1|Rpb1|1093|Rpb1|1102|0|PSI|,17.771951045812465,2.7854509735990074e-12,17.77195104581525,17.77195104581525,1.0
CrossLinkingMassSpectrometryRestraint_Distance_|Chen|22.1|Rpb1|1093|Rpb1|1112|0|PSI|,11.349408305031128,1.2417284633582311e-12,11.349408305029886,11.349408305029886,1.0
CrossLinkingMassSpectrometryRestraint_Distance_|Chen|23.1|Rpb1|1102|Rpb1|1112|0|PSI|,11.977346084355972,1.3838433089500173e-12,11.977346084354588,11.977346084354588,1.0
CrossLinkingMassSpectrometryRestraint_Distance_|Chen|24.1|Rpb1|1132|Rpb1|1205|0|PSI|,9.926192126785626,2.4408224730389263e-12,9.926192126783185,9.926192126783185,1.0
CrossLinkingMassSpectrometryRestraint_Distance_|Chen|25.1|Rpb1|1132|Rpb1|1286|0|PSI|,12.951330471175302,2.1210640704574074e-12,12.951330471177423,12.951330471177423,1.0
CrossLinkingMassSpectrometryRestraint_Distance_|Chen|26.1|Rpb1|1217|Rpb1|1246|0|PSI|,20.411284804969252,3.3280317878963923,12.221649311482935,29.654181481797767,1.0
CrossLinkingMassSpectrometryRestraint_Distance_|Chen|27.1|Rpb1|1221|Rpb1|1246|0|PSI|,17.5829676529246,3.599844394804813,8.217345589209616,27.923560183219777,1.0
CrossLinkingMassSpectrometryRestraint_Distance_|Chen|28.1|Rpb1|1221|Rpb1|1262|0|PSI|,16.307275273392783,3.908158253774118e-14,16.307275273392744,16.307275273392744,1.0
CrossLinkingMassSpectrometryRestraint_Distance_|Chen|29.1|Rpb1|1246|Rpb1|1262|0|PSI|,18.342477100221757,3.1747324124097265,5.739905904474349,28.384508438833638,1.0
CrossLinkingMassSpectrometryRestraint_Distance_|Chen|3.1|Rpb1|143|Rpb1|187|0|PSI|,21.35217681152735,4.713068931414834,6.68415814918725,32.08833982594505,0.9793476333983336
CrossLinkingMassSpectrometryRestraint_Distance_|Chen|30.1|Rpb2|99|Rpb2|164|0|PSI|,15.802828663794033,1.0303326305404493e-12,15.802828663795063,15.802828663795063,1.0
CrossLinkingMassSpectrometryRestraint_Distance_|Chen|31.1|Rpb2|99|Rpb2|191|0|PSI|,19.15760716329391,4.174623589258717e-12,19.157607163289736,19.157607163289736,1.0
CrossLinkingMassSpectrometryRestraint_Distance_|Chen|32.1|Rpb2|228|Rpb2|246|0|PSI|,33.05087787417687,3.197584025815187e-12,33.05087787417367,33.05087787417367,0.0
CrossLinkingMassSpectrometryRestraint_Distance_|Chen|33.1|Rpb2|228|Rpb2|257|0|PSI|,10.447730989707757,6.253053206038589e-13,10.447730989708383,10.447730989708383,1.0
CrossLinkingMassSpectrometryRestraint_Distance_|Chen|34.1|Rpb2|228|Rpb2|270|0|PSI|,15.181926859202488,1.072967084217985e-12,15.18192685920356,15.18192685920356,1.0
CrossLinkingMassSpectrometryRestraint_Distance_|Chen|35.1|Rpb2|228|Rpb2|277|0|PSI|,21.497616078640366,2.8991428500724366e-12,21.497616078637467,21.497616078637467,1.0
CrossLinkingMassSpectrometryRestraint_Distance_|Chen|36.1|Rpb2|228|Rpb2|507|0|PSI|,17.35958748311805,2.616581559842715,7.1528547694075115,25.371423141266533,1.0
CrossLinkingMassSpectrometryRestraint_Distance_|Chen|37.1|Rpb2|228|Rpb2|510|0|PSI|,15.889141568768036,1.3696318243908386e-12,15.889141568766666,15.889141568766666,1.0
CrossLinkingMassSpectrometryRestraint_Distance_|Chen|38.1|Rpb2|246|Rpb2|358|0|PSI|,14.57906382855789,1.104942924476137e-12,14.579063828556786,14.579063828556786,1.0
CrossLinkingMassSpectrometryRestraint_Distance_|Chen|39.1|Rpb2|246|Rpb2|426|0|PSI|,19.763295133396035,2.4301638596195423e-12,19.763295133398465,19.763295133398465,1.0
CrossLinkingMassSpectrometryRestraint_Distance_|Chen|4.1|Rpb1|368|Rpb1|461|0|PSI|,9.307987458842785,1.8474929926932196e-12,9.307987458840937,9.307987458840937,1.0
CrossLinkingMassSpectrometryRestraint_Distance_|Chen|40.1|Rpb2|345|Rpb2|353|0|PSI|,13.752797173207588,1.3039037083046375e-12,13.752797173206284,13.752797173206284,1.0
CrossLinkingMassSpectrometryRestraint_Distance_|Chen|41.1|Rpb2|358|Rpb2|422|0|PSI|,20.81744284844053,1.296797966025048e-12,20.817442848441825,20.817442848441825,1.0
CrossLinkingMassSpectrometryRestraint_Distance_|Chen|42.1|Rpb2|422|Rpb2|426|0|PSI|,5.972729768313444,1.3625260821112491e-12,5.972729768314807,5.972729768314807,1.0
CrossLinkingMassSpectrometryRestraint_Distance_|Chen|43.1|Rpb2|426|Rpb2|471|0|PSI|,21.314436618565605,4.2506468993981255,11.446770735732164,34.312717385956994,0.9531111505052295
CrossLinkingMassSpectrometryRestraint_Distance_|Chen|44.1|Rpb2|606|Rpb2|652|0|PSI|,13.92964800040015,2.4834569267164622e-12,13.929648000402633,13.929648000402633,1.0
CrossLinkingMassSpectrometryRestraint_Distance_|Chen|45.1|Rpb2|864|Rpb2|934|0|PSI|,15.295982907843737,3.0963271983310395e-12,15.29598290784064,15.29598290784064,1.0
CrossLinkingMassSpectrometryRestraint_Distance_|Chen|46.1|Rpb2|876|Rpb2|886|0|PSI|,12.00519472614953,1.3412088552724814e-12,12.005194726148188,12.005194726148188,1.0
CrossLinkingMassSpectrometryRestraint_Distance_|Chen|47.1|Rpb2|934|Rpb2|972|0|PSI|,37.816827795077856,8.114757683290987e-12,37.81682779508597,37.81682779508597,0.0
CrossLinkingMassSpectrometryRestraint_Distance_|Chen|48.1|Rpb2|979|Rpb2|987|0|PSI|,7.218900635984047,2.8067682004377753e-13,7.218900635984328,7.218900635984328,1.0
CrossLinkingMassSpectrometryRestraint_Distance_|Chen|49.1|Rpb2|979|Rpb2|1102|0|PSI|,11.919749961303475,3.353910355966152e-12,11.919749961300122,11.919749961300122,1.0
CrossLinkingMassSpectrometryRestraint_Distance_|Chen|5.1|Rpb1|372|Rpb1|403|0|PSI|,8.700807524233818,1.7409068584993796e-13,8.700807524233644,8.700807524233644,1.0
CrossLinkingMassSpectrometryRestraint_Distance_|Chen|50.1|Rpb3|15|Rpb3|137|0|PSI|,14.69211635331157,1.8474929926932194e-13,14.692116353311386,14.692116353311386,1.0
CrossLinkingMassSpectrometryRestraint_Distance_|Chen|51.1|Rpb4|60|Rpb4|71|0|PSI|,16.988264192683896,4.15942952564346e-12,16.988264192687637,16.98826419268863,1.0
CrossLinkingMassSpectrometryRestraint_Distance_|Chen|52.1|Rpb4|60|Rpb4|121|0|PSI|,14.574706773176963,8.14781013639111e-13,14.574706773175837,14.57470677317669,1.0
CrossLinkingMassSpectrometryRestraint_Distance_|Chen|53.1|Rpb4|60|Rpb4|142|0|PSI|,11.128935460440825,1.946178484603325e-12,11.128935460442493,11.128935460443145,1.0
CrossLinkingMassSpectrometryRestraint_Distance_|Chen|54.1|Rpb5|20|Rpb5|45|0|PSI|,16.434665380511394,6.892570011201626e-13,16.434665380510705,16.434665380510705,1.0
CrossLinkingMassSpectrometryRestraint_Distance_|Chen|55.1|Rpb5|161|Rpb5|171|0|PSI|,11.545437517390402,3.4622729257298888e-12,11.545437517393864,11.545437517393864,1.0
CrossLinkingMassSpectrometryRestraint_Distance_|Chen|56.1|Rpb5|161|Rpb5|191|0|PSI|,13.316279170491395,1.323444499573508e-12,13.316279170490072,13.316279170490072,1.0
CrossLinkingMassSpectrometryRestraint_Distance_|Chen|57.1|Rpb5|166|Rpb5|171|0|PSI|,8.781081408247717,2.6291246434480426e-13,8.78108140824798,8.78108140824798,1.0
CrossLinkingMassSpectrometryRestraint_Distance_|Chen|58.1|Rpb5|191|Rpb5|197|0|PSI|,14.330459601742946,2.4301638596195423e-12,14.330459601745376,14.330459601745376,1.0
CrossLinkingMassSpectrometryRestraint_Distance_|Chen|59.1|Rpb6|123|Rpb6|129|0|PSI|,8.550796300308408,9.130878829272257e-13,8.55079630030932,8.55079630030932,1.0
CrossLinkingMassSpectrometryRestraint_Distance_|Chen|6.1|Rpb1|461|Rpb1|637|0|PSI|,25.660959305146616,7.56761552776261e-13,25.66095930514586,25.66095930514586,1.0
CrossLinkingMassSpectrometryRestraint_Distance_|Chen|60.1|Rpb11|20|Rpb11|37|0|PSI|,11.99730624118468,3.5457653975150633e-12,11.997306241181134,11.997306241181134,1.0
CrossLinkingMassSpectrometryRestraint_Distance_|Chen|61.1|Rpb11|55|Rpb11|84|0|PSI|,12.28229591851768,1.3873961800898119e-12,12.282295918519067,12.282295918519067,1.0
CrossLinkingMassSpectrometryRestraint_Distance_|Chen|62.1|Rpb11|55|Rpb11|88|0|PSI|,13.251530982282304,1.4584536028857048e-12,13.251530982283763,13.251530982283763,1.0
CrossLinkingMassSpectrometryRestraint_Distance_|Chen|63.1|Rpb12|28|Rpb12|49|0|PSI|,14.811125175667469,3.8193364752792516e-13,14.811125175667087,14.811125175667087,1.0
CrossLinkingMassSpectrometryRestraint_Distance_|Chen|64.1|Rpb1|330|Rpb2|507|0|PSI|,22.201218347229272,3.1832553748926053,16.52059050880061,36.1024196970356,0.9641021095550434
CrossLinkingMassSpectrometryRestraint_Distance_|Chen|65.1|Rpb1|332|Rpb2|507|0|PSI|,21.12305924270786,3.040369912644706,14.459253780178765,34.36099133249511,0.9869703953199788
CrossLinkingMassSpectrometryRestraint_Distance_|Chen|66.1|Rpb1|343|Rpb2|864|0|PSI|,38.22670338989812,6.132255587285571e-12,38.22670338990425,38.22670338990425,0.0
CrossLinkingMassSpectrometryRestraint_Distance_|Chen|67.1|Rpb1|343|Rpb2|886|0|PSI|,29.62377857911662,2.302260498586935e-12,29.623778579118923,29.623778579118923,1.0
CrossLinkingMassSpectrometryRestraint_Distance_|Chen|68.1|Rpb1|372|Rpb2|886|0|PSI|,24.954012088567342,9.09535011787431e-13,24.954012088568252,24.954012088568252,1.0
CrossLinkingMassSpectrometryRestraint_Distance_|Chen|69.1|Rpb1|1093|Rpb2|507|0|PSI|,24.43323190501076,3.483263294485119,14.886948363973936,36.433442735355946,0.9602907285942209
CrossLinkingMassSpectrometryRestraint_Distance_|Chen|7.1|Rpb1|461|Rpb1|644|0|PSI|,16.030711114753327,3.599058464611983e-12,16.030711114749728,16.030711114749728,1.0
CrossLinkingMassSpectrometryRestraint_Distance_|Chen|70.1|Rpb1|1102|Rpb2|507|0|PSI|,15.264007922710174,3.2087639541294473,7.698150299032339,29.124391628078953,1.0
CrossLinkingMassSpectrometryRestraint_Distance_|Chen|71.1|Rpb1|1112|Rpb2|507|0|PSI|,16.935355790934636,3.1815921697106946,9.187969690744564,28.90053648143527,1.0
CrossLinkingMassSpectrometryRestraint_Distance_|Chen|72.1|Rpb1|15|Rpb4|1|0|PSI|,59.31779180145406,15.09936739371648,14.62338681885461,104.12058175793823,0.056195709980499914
CrossLinkingMassSpectrometryRestraint_Distance_|Chen|73.1|Rpb1|129|Rpb4|1|0|PSI|,67.54761269319138,15.897472716190098,25.208661808718798,103.15055431405582,0.005140932458783903
CrossLinkingMassSpectrometryRestraint_Distance_|Chen|74.1|Rpb1|1003|Rpb4|1|0|PSI|,65.91151733457404,16.59694755005165,20.600775343368507,102.36383035170992,0.011434142882467647
CrossLinkingMassSpectrometryRestraint_Distance_|Chen|75.1|Rpb1|15|Rpb5|171|0|PSI|,21.208969852217326,1.854598734972809e-12,21.20896985221547,21.20896985221547,1.0
CrossLinkingMassSpectrometryRestraint_Distance_|Chen|76.1|Rpb1|129|Rpb5|161|0|PSI|,22.05460352222833,6.7113735830720985e-12,22.05460352222162,22.05460352222162,1.0
CrossLinkingMassSpectrometryRestraint_Distance_|Chen|77.1|Rpb1|129|Rpb5|171|0|PSI|,15.072008899431463,1.9594084335967507e-12,15.072008899429504,15.072008899429504,1.0
CrossLinkingMassSpectrometryRestraint_Distance_|Chen|78.1|Rpb1|934|Rpb5|201|0|PSI|,21.612939925484408,3.4995780726977326e-12,21.61293992548091,21.61293992548091,1.0
CrossLinkingMassSpectrometryRestraint_Distance_|Chen|79.1|Rpb1|938|Rpb5|201|0|PSI|,15.491756312663474,1.8776923973814738e-12,15.491756312661597,15.491756312661597,1.0
CrossLinkingMassSpectrometryRestraint_Distance_|Chen|8.1|Rpb1|688|Rpb1|728|0|PSI|,16.314805634980875,1.6236621108861563e-12,16.31480563497925,16.31480563497925,1.0
CrossLinkingMassSpectrometryRestraint_Distance_|Chen|80.1|Rpb1|1003|Rpb5|166|0|PSI|,12.565043086929455,2.3448949522644707e-13,12.56504308692922,12.56504308692922,1.0
CrossLinkingMassSpectrometryRestraint_Distance_|Chen|81.1|Rpb1|129|Rpb6|67|0|PSI|,22.372006867096342,5.205341262327325,10.226221970882854,40.995636454088974,0.9031200141818826
CrossLinkingMassSpectrometryRestraint_Distance_|Chen|82.1|Rpb1|1003|Rpb6|76|0|PSI|,13.635649016572893,1.3074565794444321e-12,13.635649016571586,13.635649016571586,1.0
CrossLinkingMassSpectrometryRestraint_Distance_|Chen|83.1|Rpb1|15|Rpb7|73|0|PSI|,27.493994929597815,10.460585242206621,11.144554611614705,72.10634126485338,0.7125509661407552
CrossLinkingMassSpectrometryRestraint_Distance_|Chen|84.1|Rpb1|1246|Rpb9|20|0|PSI|,16.47752542721651,5.037501049416346,0.8269892972797508,27.04194744862033,1.0
CrossLinkingMassSpectrometryRestraint_Distance_|Chen|85.1|Rpb1|637|Rpb11|20|0|PSI|,34.71150927276297,4.682684162249352e-12,34.71150927276765,34.71150927276765,0.0
CrossLinkingMassSpectrometryRestraint_Distance_|Chen|86.1|Rpb1|637|Rpb11|26|0|PSI|,21.60690242846662,3.0412576956642223e-12,21.60690242846966,21.60690242846966,1.0
CrossLinkingMassSpectrometryRestraint_Distance_|Chen|87.1|Rpb1|644|Rpb11|20|0|PSI|,26.546130996087115,6.4413553764477055e-12,26.546130996093556,26.546130996093556,1.0
CrossLinkingMassSpectrometryRestraint_Distance_|Chen|88.1|Rpb1|644|Rpb11|26|0|PSI|,18.37975143749664,3.1123151184601156e-12,18.379751437499753,18.379751437499753,1.0
CrossLinkingMassSpectrometryRestraint_Distance_|Chen|89.1|Rpb2|191|Rpb3|149|0|PSI|,13.415531236649898,2.0020428872742866e-12,13.4155312366519,13.4155312366519,1.0
CrossLinkingMassSpectrometryRestraint_Distance_|Chen|9.1|Rpb1|689|Rpb1|705|0|PSI|,19.208700846843207,3.908158253774117e-12,19.2087008468393,19.2087008468393,1.0
CrossLinkingMassSpectrometryRestraint_Distance_|Chen|90.1|Rpb2|1057|Rpb3|199|0|PSI|,13.134986804911632,2.760580875620445e-12,13.134986804908872,13.134986804908872,1.0
CrossLinkingMassSpectrometryRestraint_Distance_|Chen|91.1|Rpb2|1188|Rpb4|1|0|PSI|,50.23490653038695,13.870093358555675,7.343984407414203,97.08638723017906,0.11886190391774508
CrossLinkingMassSpectrometryRestraint_Distance_|Chen|92.1|Rpb2|177|Rpb10|68|0|PSI|,32.23982296305149,5.66612635874141,17.42324705356704,45.74871951483116,0.37466761212550964
CrossLinkingMassSpectrometryRestraint_Distance_|Chen|93.1|Rpb2|191|Rpb10|68|0|PSI|,14.086997410163937,4.595566208602243,3.886739014404388,26.439745223113658,1.0
CrossLinkingMassSpectrometryRestraint_Distance_|Chen|94.1|Rpb2|813|Rpb10|59|0|PSI|,14.14115834578389,1.6485322088647188e-12,14.141158345782241,14.141158345782241,1.0
CrossLinkingMassSpectrometryRestraint_Distance_|Chen|95.1|Rpb3|149|Rpb10|68|0|PSI|,10.538822666633653,3.2088800223374365,2.092469601309884,22.618791347538714,1.0
CrossLinkingMassSpectrometryRestraint_Distance_|Chen|96.1|Rpb3|154|Rpb10|68|0|PSI|,20.481050987120003,5.569533836438052,1.4174794589815822,31.70191135380696,0.9789930863322106
CrossLinkingMassSpectrometryRestraint_Distance_|Chen|97.1|Rpb3|160|Rpb11|37|0|PSI|,21.343122422834345,3.2970644177294377e-12,21.343122422831048,21.343122422831048,1.0
CrossLinkingMassSpectrometryRestraint_Distance_|Chen|98.1|Rpb3|154|Rpb12|62|0|PSI|,12.07923715026397,1.9540791268870587e-12,12.079237150265923,12.079237150265923,1.0
CrossLinkingMassSpectrometryRestraint_Distance_|Chen|99.1|Rpb4|1|Rpb5|171|0|PSI|,64.4839665868954,16.086040671843726,18.256938261798062,101.03205320674266,0.021450097500443185
CrossLinkingMassSpectrometryRestraint_Distance_|Trnka|0.1|Rpb1|880|Rpb1|620|0|PSI|,15.134728545294477,2.1050761503283317e-12,15.134728545296582,15.134728545296582,1.0
CrossLinkingMassSpectrometryRestraint_Distance_|Trnka|1.1|Rpb2|228|Rpb2|257|0|PSI|,10.447730989707757,6.253053206038589e-13,10.447730989708383,10.447730989708383,1.0
CrossLinkingMassSpectrometryRestraint_Distance_|Trnka|10.1|Rpb2|228|Rpb2|277|0|PSI|,21.497616078640366,2.8991428500724366e-12,21.497616078637467,21.497616078637467,1.0
CrossLinkingMassSpectrometryRestraint_Distance_|Trnka|100.1|Rpb2|470|Rpb2|423|0|PSI|,17.611705434238875,3.993744003189327,7.73006593126135,29.518714134111825,1.0
CrossLinkingMassSpectrometryRestraint_Distance_|Trnka|101.1|Rpb1|343|Rpb2|1102|0|PSI|,20.55030375419137,3.0590220513631957e-12,20.55030375418831,20.55030375418831,1.0
CrossLinkingMassSpectrometryRestraint_Distance_|Trnka|102.1|Rpb6|76|Rpb7|23|0|PSI|,27.689131414056938,11.184267399492475,10.285227583792903,81.71717679549009,0.7468533947881582
CrossLinkingMassSpectrometryRestraint_Distance_|Trnka|103.1|Rpb1|1|Rpb1|343|0|PSI|,18.273032352133118,4.299417936419974,3.7502572029746246,30.950156717875437,0.9991136323346924
CrossLinkingMassSpectrometryRestraint_Distance_|Trnka|104.1|Rpb1|343|Rpb1|330|0|PSI|,16.015170721977515,4.618732481733049e-13,16.015170721977977,16.015170721977977,1.0
CrossLinkingMassSpectrometryRestraint_Distance_|Trnka|105.1|Rpb5|152|Rpb5|201|0|PSI|,10.068730890404984,1.2541635123475124e-12,10.068730890406238,10.068730890406238,1.0
CrossLinkingMassSpectrometryRestraint_Distance_|Trnka|106.1|Rpb2|246|Rpb2|471|0|PSI|,23.4884832195296,4.06635993375789,10.4804927651517,35.36598927404974,0.9352065236660166
CrossLinkingMassSpectrometryRestraint_Distance_|Trnka|107.1|Rpb1|15|Rpb1|176|0|PSI|,39.60974334737847,3.851312315537403e-12,39.60974334737462,39.60974334737462,0.0
CrossLinkingMassSpectrometryRestraint_Distance_|Trnka|108.1|Rpb7|23|Rpb6|70|0|PSI|,29.588112061751424,8.830132211421498,7.940388383404483,72.51042979539234,0.5286296755894345
CrossLinkingMassSpectrometryRestraint_Distance_|Trnka|109.1|Rpb2|246|Rpb2|507|0|PSI|,34.83442574690999,2.853901401124686,21.548724371426832,41.271303791502,0.045913845062932106
CrossLinkingMassSpectrometryRestraint_Distance_|Trnka|11.1|Rpb1|368|Rpb11|37|0|PSI|,20.16437214113016,2.3271305965654976e-12,20.164372141132485,20.164372141132485,1.0
CrossLinkingMassSpectrometryRestraint_Distance_|Trnka|110.1|Rpb1|330|Rpb2|507|0|PSI|,22.201218347229272,3.1832553748926053,16.52059050880061,36.1024196970356,0.9641021095550434
CrossLinkingMassSpectrometryRestraint_Distance_|Trnka|111.1|Rpb2|471|Rpb2|507|0|PSI|,23.346568610391504,5.458907060352654,9.12655575806498,42.04774478456933,0.8740471547597943
CrossLinkingMassSpectrometryRestraint_Distance_|Trnka|112.1|Rpb2|934|Rpb1|49|0|PSI|,24.954867875609246,5.506950266681711e-12,24.95486787560374,24.95486787560374,1.0
CrossLinkingMassSpectrometryRestraint_Distance_|Trnka|113.1|Rpb1|1003|Rpb5|166|0|PSI|,12.565043086929455,2.3448949522644707e-13,12.56504308692922,12.56504308692922,1.0
CrossLinkingMassSpectrometryRestraint_Distance_|Trnka|114.1|Rpb2|865|Rpb2|934|0|PSI|,16.312852880308263,2.0571123899411038e-12,16.31285288031032,16.31285288031032,1.0
CrossLinkingMassSpectrometryRestraint_Distance_|Trnka|115.1|Rpb11|37|Rpb3|165|0|PSI|,11.325534616974469,2.0375715986722332e-12,11.325534616972432,11.325534616972432,1.0
CrossLinkingMassSpectrometryRestraint_Distance_|Trnka|116.1|Rpb2|471|Rpb1|323|0|PSI|,20.28438745181969,3.4844914068064723,10.048583635300604,31.684839856612108,0.9992909058677539
CrossLinkingMassSpectrometryRestraint_Distance_|Trnka|117.1|Rpb5|201|Rpb5|197|0|PSI|,13.327651035438397,1.1120486667557262e-12,13.327651035439509,13.327651035439509,1.0
CrossLinkingMassSpectrometryRestraint_Distance_|Trnka|118.1|Rpb1|49|Rpb4|212|0|PSI|,60.951622771889,9.407179440104843,37.204399023807326,103.96091425894038,0.0
CrossLinkingMassSpectrometryRestraint_Distance_|Trnka|119.1|Rpb1|1132|Rpb1|1286|0|PSI|,12.951330471175302,2.1210640704574074e-12,12.951330471177423,12.951330471177423,1.0
CrossLinkingMassSpectrometryRestraint_Distance_|Trnka|12.1|Rpb2|979|Rpb2|1102|0|PSI|,11.919749961303475,3.353910355966152e-12,11.919749961300122,11.919749961300122,1.0
CrossLinkingMassSpectrometryRestraint_Distance_|Trnka|120.1|Rpb1|938|Rpb1|941|0|PSI|,5.47997169928023,1.2639339079819477e-12,5.479971699281494,5.479971699281494,1.0
CrossLinkingMassSpectrometryRestraint_Distance_|Trnka|121.1|Rpb6|67|Rpb5|161|0|PSI|,20.746706444399628,3.8318494699373318,10.673272478731077,36.07390624719272,0.9948590675412161
CrossLinkingMassSpectrometryRestraint_Distance_|Trnka|122.1|Rpb1|15|Rpb6|67|0|PSI|,22.568216324580213,4.368639160168286,7.608101275269342,34.86907798499294,0.913224605566389
CrossLinkingMassSpectrometryRestraint_Distance_|Trnka|123.1|Rpb1|372|Rpb2|1102|0|PSI|,16.56305062488488,1.5632633015096473e-12,16.563050624883317,16.563050624883317,1.0
CrossLinkingMassSpectrometryRestraint_Distance_|Trnka|124.1|Rpb1|843|Rpb1|332|0|PSI|,14.014605229070565,1.4566771673158075e-13,14.01460522907071,14.01460522907071,1.0
CrossLinkingMassSpectrometryRestraint_Distance_|Trnka|125.1|Rpb2|934|Rpb1|343|0|PSI|,38.0191550747403,6.892570011201626e-12,38.01915507474719,38.01915507474719,0.0
CrossLinkingMassSpectrometryRestraint_Distance_|Trnka|126.1|Rpb1|332|Rpb1|176|0|PSI|,30.25175173283754,2.6433361280072213e-12,30.251751732834897,30.251751732834897,0.0
CrossLinkingMassSpectrometryRestraint_Distance_|Trnka|127.1|Rpb1|1003|Rpb6|67|0|PSI|,23.158957448074364,4.390895901565663,5.005902399731371,35.61623457423754,0.9426520120546003
CrossLinkingMassSpectrometryRestraint_Distance_|Trnka|128.1|Rpb1|15|Rpb6|70|0|PSI|,22.568216324580213,4.368639160168286,7.608101275269342,34.86907798499294,0.913224605566389
CrossLinkingMassSpectrometryRestraint_Distance_|Trnka|129.1|Rpb1|1300|Rpb1|1286|0|PSI|,11.436637475548137,8.136074910129754e-13,11.436637475547323,11.436637475547323,1.0
CrossLinkingMassSpectrometryRestraint_Distance_|Trnka|13.1|Rpb11|18|Rpb3|253|0|PSI|,13.863667613623575,1.7231425028004065e-12,13.863667613625298,13.863667613625298,1.0
CrossLinkingMassSpectrometryRestraint_Distance_|Trnka|130.1|Rpb2|962|Rpb12|58|0|PSI|,14.196463551110542,1.5117466699826247e-12,14.196463551112053,14.196463551112053,1.0
CrossLinkingMassSpectrometryRestraint_Distance_|Trnka|131.1|Rpb2|228|Rpb2|246|0|PSI|,33.05087787417687,3.197584025815187e-12,33.05087787417367,33.05087787417367,0.0
CrossLinkingMassSpectrometryRestraint_Distance_|Trnka|132.1|Rpb2|353|Rpb2|347|0|PSI|,10.988542981346857,1.257716383487307e-12,10.988542981348115,10.988542981348115,1.0
CrossLinkingMassSpectrometryRestraint_Distance_|Trnka|133.1|Rpb10|59|Rpb2|813|0|PSI|,14.14115834578389,1.6485322088647188e-12,14.141158345782241,14.141158345782241,1.0
CrossLinkingMassSpectrometryRestraint_Distance_|Trnka|134.1|Rpb2|886|Rpb1|343|0|PSI|,29.62377857911662,2.302260498586935e-12,29.623778579118923,29.623778579118923,1.0
CrossLinkingMassSpectrometryRestraint_Distance_|Trnka|135.1|Rpb2|934|Rpb1|419|0|PSI|,30.06499678210293,6.0434338087907044e-12,30.064996782096888,30.064996782096888,0.0
CrossLinkingMassSpectrometryRestraint_Distance_|Trnka|136.1|Rpb6|72|Rpb5|166|0|PSI|,14.96526175807177,1.4282541981974504e-12,14.965261758070342,14.965261758070342,1.0
CrossLinkingMassSpectrometryRestraint_Distance_|Trnka|137.1|Rpb1|1|Rpb6|72|0|PSI|,36.47361104523778,6.6611781167244395,19.836512360193126,48.072497284950124,0.187821308278674
CrossLinkingMassSpectrometryRestraint_Distance_|Trnka|139.1|Rpb2|972|Rpb2|962|0|PSI|,32.49154065403439,5.350623936530746e-12,32.49154065402904,32.49154065402904,0.0
CrossLinkingMassSpectrometryRestraint_Distance_|Trnka|14.1|Rpb2|652|Rpb2|606|0|PSI|,13.92964800040015,2.4834569267164622e-12,13.929648000402633,13.929648000402633,1.0
CrossLinkingMassSpectrometryRestraint_Distance_|Trnka|140.1|Rpb2|471|Rpb2|423|0|PSI|,17.611705434238875,3.993744003189327,7.73006593126135,29.518714134111825,1.0
CrossLinkingMassSpectrometryRestraint_Distance_|Trnka|141.1|Rpb2|227|Rpb2|510|0|PSI|,15.299199777152088,2.6646533548459893e-13,15.299199777151822,15.299199777151822,1.0
CrossLinkingMassSpectrometryRestraint_Distance_|Trnka|142.1|Rpb2|277|Rpb2|246|0|PSI|,27.885117110074667,2.206332977812479e-12,27.88511711007246,27.88511711007246,1.0
CrossLinkingMassSpectrometryRestraint_Distance_|Trnka|143.1|Rpb2|353|Rpb2|345|0|PSI|,13.752797173207588,1.3039037083046375e-12,13.752797173206284,13.752797173206284,1.0
CrossLinkingMassSpectrometryRestraint_Distance_|Trnka|144.1|Rpb1|830|Rpb2|507|0|PSI|,15.290116931363963,3.0685234215950423,7.621612818425133,27.75103138771592,1.0
CrossLinkingMassSpectrometryRestraint_Distance_|Trnka|145.1|Rpb2|934|Rpb1|332|0|PSI|,42.3724096699,9.969356418263795e-12,42.37240966989003,42.37240966989003,0.0
CrossLinkingMassSpectrometryRestraint_Distance_|Trnka|146.1|Rpb1|738|Rpb1|728|0|PSI|,17.60134060268357,1.4602300384556022e-12,17.60134060268503,17.60134060268503,1.0
CrossLinkingMassSpectrometryRestraint_Distance_|Trnka|147.1|Rpb1|330|Rpb1|176|0|PSI|,24.307800599627654,5.3648354210899255e-12,24.30780059962229,24.30780059962229,1.0
CrossLinkingMassSpectrometryRestraint_Distance_|Trnka|148.1|Rpb2|934|Rpb1|330|0|PSI|,43.013533989852675,5.2866722560144426e-12,43.01353398985796,43.01353398985796,0.0
CrossLinkingMassSpectrometryRestraint_Distance_|Trnka|149.1|Rpb2|426|Rpb2|422|0|PSI|,5.972729768313444,1.3625260821112491e-12,5.972729768314807,5.972729768314807,1.0
CrossLinkingMassSpectrometryRestraint_Distance_|Trnka|15.1|Rpb1|830|Rpb1|1102|0|PSI|,10.636694139899046,2.3964115837914932e-12,10.63669413989665,10.63669413989665,1.0
CrossLinkingMassSpectrometryRestraint_Distance_|Trnka|150.1|Rpb1|332|Rpb2|471|0|PSI|,26.416456906610865,4.0696604682631055,12.935244384725694,35.92887653568675,0.8003900017727353
CrossLinkingMassSpectrometryRestraint_Distance_|Trnka|151.1|Rpb11|20|Rpb11|72|0|PSI|,9.388030975854434,2.177910008694122e-12,9.388030975856612,9.388030975856612,1.0
CrossLinkingMassSpectrometryRestraint_Distance_|Trnka|154.1|Rpb5|201|Rpb1|941|0|PSI|,13.178693263439248,2.520762073684306e-12,13.178693263436728,13.178693263436728,1.0
CrossLinkingMassSpectrometryRestraint_Distance_|Trnka|155.1|Rpb11|84|Rpb11|55|0|PSI|,12.28229591851768,1.3873961800898119e-12,12.282295918519067,12.282295918519067,1.0
CrossLinkingMassSpectrometryRestraint_Distance_|Trnka|156.1|Rpb2|864|Rpb12|58|0|PSI|,22.041380941219987,5.453657199584792e-12,22.041380941214534,22.041380941214534,1.0
CrossLinkingMassSpectrometryRestraint_Distance_|Trnka|16.1|Rpb1|15|Rpb6|72|0|PSI|,17.942346322667998,4.480170507281057e-12,17.942346322663518,17.942346322663518,1.0
CrossLinkingMassSpectrometryRestraint_Distance_|Trnka|17.1|Rpb1|129|Rpb5|171|0|PSI|,15.072008899431463,1.9594084335967507e-12,15.072008899429504,15.072008899429504,1.0
CrossLinkingMassSpectrometryRestraint_Distance_|Trnka|18.1|Rpb7|73|Rpb6|72|0|PSI|,23.835332953282276,9.550597870358184,4.387588285862912,72.28599594052784,0.8354901613189151
CrossLinkingMassSpectrometryRestraint_Distance_|Trnka|19.1|Rpb2|864|Rpb2|934|0|PSI|,15.295982907843737,3.0963271983310395e-12,15.29598290784064,15.29598290784064,1.0
CrossLinkingMassSpectrometryRestraint_Distance_|Trnka|2.1|Rpb11|88|Rpb11|55|0|PSI|,13.251530982282304,1.4584536028857048e-12,13.251530982283763,13.251530982283763,1.0
CrossLinkingMassSpectrometryRestraint_Distance_|Trnka|20.1|Rpb1|34|Rpb1|49|0|PSI|,13.676117934391419,6.288581917436535e-13,13.676117934392048,13.676117934392048,1.0
CrossLinkingMassSpectrometryRestraint_Distance_|Trnka|21.1|Rpb2|1057|Rpb3|199|0|PSI|,13.134986804911632,2.760580875620445e-12,13.134986804908872,13.134986804908872,1.0
CrossLinkingMassSpectrometryRestraint_Distance_|Trnka|22.1|Rpb2|1102|Rpb2|987|0|PSI|,17.565126288335243,3.5066838149773223e-12,17.56512628833875,17.56512628833875,1.0
CrossLinkingMassSpectrometryRestraint_Distance_|Trnka|23.1|Rpb1|1112|Rpb1|773|0|PSI|,18.15238568270276,3.3787804539447146e-12,18.152385682699382,18.152385682699382,1.0
CrossLinkingMassSpectrometryRestraint_Distance_|Trnka|24.1|Rpb3|253|Rpb3|161|0|PSI|,17.5004426891592,2.2454145603502202e-12,17.500442689156955,17.500442689156955,1.0
CrossLinkingMassSpectrometryRestraint_Distance_|Trnka|25.1|Rpb1|368|Rpb1|461|0|PSI|,9.307987458842785,1.8474929926932196e-12,9.307987458840937,9.307987458840937,1.0
CrossLinkingMassSpectrometryRestraint_Distance_|Trnka|26.1|Rpb1|15|Rpb1|1|0|PSI|,23.8455005118739,5.365354854955305,6.381462945921065,33.78762812731709,0.8927495124977841
CrossLinkingMassSpectrometryRestraint_Distance_|Trnka|27.1|Rpb2|507|Rpb1|332|0|PSI|,21.12305924270786,3.040369912644706,14.459253780178765,34.36099133249511,0.9869703953199788
CrossLinkingMassSpectrometryRestraint_Distance_|Trnka|28.1|Rpb4|121|Rpb4|60|0|PSI|,14.574706773176963,8.14781013639111e-13,14.574706773175837,14.57470677317669,1.0
CrossLinkingMassSpectrometryRestraint_Distance_|Trnka|29.1|Rpb2|99|Rpb2|164|0|PSI|,15.802828663794033,1.0303326305404493e-12,15.802828663795063,15.802828663795063,1.0
CrossLinkingMassSpectrometryRestraint_Distance_|Trnka|3.1|Rpb11|26|Rpb1|644|0|PSI|,18.37975143749664,3.1123151184601156e-12,18.379751437499753,18.379751437499753,1.0
CrossLinkingMassSpectrometryRestraint_Distance_|Trnka|30.1|Rpb1|1262|Rpb1|1246|0|PSI|,18.342477100221757,3.1747324124097265,5.739905904474349,28.384508438833638,1.0
CrossLinkingMassSpectrometryRestraint_Distance_|Trnka|31.1|Rpb6|70|Rpb5|171|0|PSI|,14.967187788508625,3.6638405594570753,2.6811832442786407,28.618422454341008,1.0
CrossLinkingMassSpectrometryRestraint_Distance_|Trnka|32.1|Rpb5|171|Rpb6|67|0|PSI|,14.967187788508625,3.6638405594570753,2.6811832442786407,28.618422454341008,1.0
CrossLinkingMassSpectrometryRestraint_Distance_|Trnka|33.1|Rpb1|15|Rpb1|34|0|PSI|,33.64551622366655,5.045077018508407e-13,33.64551622366705,33.64551622366705,0.0
CrossLinkingMassSpectrometryRestraint_Distance_|Trnka|34.1|Rpb1|461|Rpb1|644|0|PSI|,16.030711114753327,3.599058464611983e-12,16.030711114749728,16.030711114749728,1.0
CrossLinkingMassSpectrometryRestraint_Distance_|Trnka|35.1|Rpb6|72|Rpb5|171|0|PSI|,15.962868681468546,3.9792156765700106e-13,15.962868681468944,15.962868681468944,1.0
CrossLinkingMassSpectrometryRestraint_Distance_|Trnka|36.1|Rpb2|507|Rpb1|1102|0|PSI|,15.264007922710174,3.2087639541294473,7.698150299032339,29.124391628078953,1.0
CrossLinkingMassSpectrometryRestraint_Distance_|Trnka|37.1|Rpb2|507|Rpb2|228|0|PSI|,17.35958748311805,2.616581559842715,7.1528547694075115,25.371423141266533,1.0
CrossLinkingMassSpectrometryRestraint_Distance_|Trnka|38.1|Rpb6|76|Rpb1|1003|0|PSI|,13.635649016572893,1.3074565794444321e-12,13.635649016571586,13.635649016571586,1.0
CrossLinkingMassSpectrometryRestraint_Distance_|Trnka|39.1|Rpb1|1102|Rpb2|510|0|PSI|,21.040233809450378,4.6364968374320214e-12,21.040233809455014,21.040233809455014,1.0
CrossLinkingMassSpectrometryRestraint_Distance_|Trnka|4.1|Rpb1|1112|Rpb1|830|0|PSI|,17.715048841586313,9.41510852045583e-13,17.715048841587254,17.715048841587254,1.0
CrossLinkingMassSpectrometryRestraint_Distance_|Trnka|40.1|Rpb3|253|Rpb3|165|0|PSI|,16.7527026305425,4.004085774548573e-12,16.752702630546505,16.752702630546505,1.0
CrossLinkingMassSpectrometryRestraint_Distance_|Trnka|41.1|Rpb2|979|Rpb2|987|0|PSI|,7.218900635984047,2.8067682004377753e-13,7.218900635984328,7.218900635984328,1.0
CrossLinkingMassSpectrometryRestraint_Distance_|Trnka|42.1|Rpb2|1148|Rpb1|1|0|PSI|,15.527793041506335,4.648626271577201,4.262270760505902,27.460886808155504,1.0
CrossLinkingMassSpectrometryRestraint_Distance_|Trnka|43.1|Rpb1|343|Rpb1|332|0|PSI|,11.78832192260956,2.3253541609956e-12,11.788321922611885,11.788321922611885,1.0
CrossLinkingMassSpectrometryRestraint_Distance_|Trnka|44.1|Rpb1|1112|Rpb1|1093|0|PSI|,11.349408305031128,1.2417284633582311e-12,11.349408305029886,11.349408305029886,1.0
CrossLinkingMassSpectrometryRestraint_Distance_|Trnka|45.1|Rpb1|1093|Rpb1|1102|0|PSI|,17.771951045812465,2.7854509735990074e-12,17.77195104581525,17.77195104581525,1.0
CrossLinkingMassSpectrometryRestraint_Distance_|Trnka|46.1|Rpb1|830|Rpb1|1092|0|PSI|,20.199535913563373,2.9773060151479187e-12,20.19953591356635,20.19953591356635,1.0
CrossLinkingMassSpectrometryRestraint_Distance_|Trnka|48.1|Rpb1|941|Rpb5|201|0|PSI|,13.178693263439248,2.520762073684306e-12,13.178693263436728,13.178693263436728,1.0
CrossLinkingMassSpectrometryRestraint_Distance_|Trnka|49.1|Rpb1|323|Rpb1|330|0|PSI|,11.048749291457538,2.103299714758434e-12,11.048749291459641,11.048749291459641,1.0
CrossLinkingMassSpectrometryRestraint_Distance_|Trnka|5.1|Rpb2|972|Rpb2|1102|0|PSI|,14.064053128773562,9.077585762175338e-13,14.064053128772654,14.064053128772654,1.0
CrossLinkingMassSpectrometryRestraint_Distance_|Trnka|50.1|Rpb1|1|Rpb2|886|0|PSI|,28.76695068276005,6.971081769784109,15.743291546919737,43.681712913175645,0.5814571884417656
CrossLinkingMassSpectrometryRestraint_Distance_|Trnka|51.1|Rpb1|129|Rpb5|161|0|PSI|,22.05460352222833,6.7113735830720985e-12,22.05460352222162,22.05460352222162,1.0
CrossLinkingMassSpectrometryRestraint_Distance_|Trnka|52.1|Rpb6|123|Rpb6|129|0|PSI|,8.550796300308408,9.130878829272257e-13,8.55079630030932,8.55079630030932,1.0
CrossLinkingMassSpectrometryRestraint_Distance_|Trnka|53.1|Rpb1|705|Rpb1|689|0|PSI|,19.208700846843207,3.908158253774117e-12,19.2087008468393,19.2087008468393,1.0
CrossLinkingMassSpectrometryRestraint_Distance_|Trnka|54.1|Rpb2|227|Rpb1|1093|0|PSI|,24.805323816551553,6.125149845005981e-12,24.805323816557678,24.805323816557678,1.0
CrossLinkingMassSpectrometryRestraint_Distance_|Trnka|55.1|Rpb1|1112|Rpb1|1102|0|PSI|,11.977346084355972,1.3838433089500173e-12,11.977346084354588,11.977346084354588,1.0
CrossLinkingMassSpectrometryRestraint_Distance_|Trnka|56.1|Rpb1|323|Rpb1|176|0|PSI|,24.46410426561618,2.4870097978562566e-12,24.464104265618666,24.464104265618666,1.0
CrossLinkingMassSpectrometryRestraint_Distance_|Trnka|57.1|Rpb2|228|Rpb2|270|0|PSI|,15.181926859202488,1.072967084217985e-12,15.18192685920356,15.18192685920356,1.0
CrossLinkingMassSpectrometryRestraint_Distance_|Trnka|58.1|Rpb5|45|Rpb5|20|0|PSI|,16.434665380511394,6.892570011201626e-13,16.434665380510705,16.434665380510705,1.0
CrossLinkingMassSpectrometryRestraint_Distance_|Trnka|59.1|Rpb1|1132|Rpb1|705|0|PSI|,14.166532994907817,9.948039191425027e-14,14.166532994907717,14.166532994907717,1.0
CrossLinkingMassSpectrometryRestraint_Distance_|Trnka|6.1|Rpb3|15|Rpb3|137|0|PSI|,14.69211635331157,1.8474929926932194e-13,14.692116353311386,14.692116353311386,1.0
CrossLinkingMassSpectrometryRestraint_Distance_|Trnka|60.1|Rpb1|403|Rpb2|1102|0|PSI|,23.400430502188154,7.134165248707662e-12,23.40043050218102,23.40043050218102,1.0
CrossLinkingMassSpectrometryRestraint_Distance_|Trnka|61.1|Rpb1|1350|Rpb1|1093|0|PSI|,18.40406557786854,4.217258042936253e-12,18.404065577872757,18.404065577872757,1.0
CrossLinkingMassSpectrometryRestraint_Distance_|Trnka|62.1|Rpb6|67|Rpb5|166|0|PSI|,15.110478382953236,3.431044093244699,7.456438609659204,28.750687506584367,1.0
CrossLinkingMassSpectrometryRestraint_Distance_|Trnka|63.1|Rpb1|705|Rpb1|1093|0|PSI|,15.964957616493054,3.996980032268984e-12,15.964957616489057,15.964957616489057,1.0
CrossLinkingMassSpectrometryRestraint_Distance_|Trnka|64.1|Rpb2|148|Rpb2|87|0|PSI|,22.80448175050694,6.380979315462705,10.614583601146071,41.091936967792826,0.8284878567629853
CrossLinkingMassSpectrometryRestraint_Distance_|Trnka|65.1|Rpb2|507|Rpb1|1093|0|PSI|,24.43323190501076,3.483263294485119,14.886948363973936,36.433442735355946,0.9602907285942209
CrossLinkingMassSpectrometryRestraint_Distance_|Trnka|66.1|Rpb7|140|Rpb4|139|0|PSI|,33.08176260982861,12.0743178635257,2.4080582023804307,81.51565427054847,0.3895585889026768
CrossLinkingMassSpectrometryRestraint_Distance_|Trnka|67.1|Rpb1|705|Rpb1|1286|0|PSI|,15.979878932206406,2.6912998883944492e-12,15.979878932203714,15.979878932203714,1.0
CrossLinkingMassSpectrometryRestraint_Distance_|Trnka|68.1|Rpb1|830|Rpb1|1093|0|PSI|,19.060576992429674,1.2221876720893604e-12,19.060576992430896,19.060576992430896,1.0
CrossLinkingMassSpectrometryRestraint_Distance_|Trnka|69.1|Rpb1|330|Rpb2|471|0|PSI|,25.039441397256034,3.561730321401822,12.50894131041104,35.54239947271764,0.9300655912072328
CrossLinkingMassSpectrometryRestraint_Distance_|Trnka|7.1|Rpb2|94|Rpb2|164|0|PSI|,9.7145374653669,1.5970155773376963e-12,9.714537465368497,9.714537465368497,1.0
CrossLinkingMassSpectrometryRestraint_Distance_|Trnka|70.1|Rpb1|323|Rpb1|332|0|PSI|,15.067595754700415,1.6165563686065668e-13,15.067595754700253,15.067595754700253,1.0
CrossLinkingMassSpectrometryRestraint_Distance_|Trnka|71.1|Rpb1|1112|Rpb2|507|0|PSI|,16.935355790934636,3.1815921697106946,9.187969690744564,28.90053648143527,1.0
CrossLinkingMassSpectrometryRestraint_Distance_|Trnka|72.1|Rpb1|689|Rpb1|728|0|PSI|,14.791455523789464,6.910334366900599e-13,14.791455523790155,14.791455523790155,1.0
CrossLinkingMassSpectrometryRestraint_Distance_|Trnka|73.1|Rpb3|154|Rpb3|161|0|PSI|,23.65384836314657,5.126793054723684e-12,23.653848363151695,23.653848363151695,1.0
CrossLinkingMassSpectrometryRestraint_Distance_|Trnka|74.1|Rpb5|171|Rpb5|166|0|PSI|,8.781081408247717,2.6291246434480426e-13,8.78108140824798,8.78108140824798,1.0
CrossLinkingMassSpectrometryRestraint_Distance_|Trnka|75.1|Rpb2|775|Rpb2|987|0|PSI|,12.699626731879217,2.717946421942909e-13,12.699626731879489,12.699626731879489,1.0
CrossLinkingMassSpectrometryRestraint_Distance_|Trnka|76.1|Rpb10|68|Rpb3|149|0|PSI|,10.538822666633653,3.2088800223374365,2.092469601309884,22.618791347538714,1.0
CrossLinkingMassSpectrometryRestraint_Distance_|Trnka|77.1|Rpb2|358|Rpb2|246|0|PSI|,14.57906382855789,1.104942924476137e-12,14.579063828556786,14.579063828556786,1.0
CrossLinkingMassSpectrometryRestraint_Distance_|Trnka|78.1|Rpb1|403|Rpb1|1|0|PSI|,18.823652609555385,4.88331168530445,6.897793348590559,33.96900393070125,0.9708385038113809
CrossLinkingMassSpectrometryRestraint_Distance_|Trnka|79.1|Rpb1|1003|Rpb5|197|0|PSI|,20.757046653482174,3.0092818554060705e-12,20.757046653485183,20.757046653485183,1.0
CrossLinkingMassSpectrometryRestraint_Distance_|Trnka|8.1|Rpb1|431|Rpb1|1|0|PSI|,15.315684958501965,4.40817435282246,3.7398032138708284,29.18927878381952,1.0
CrossLinkingMassSpectrometryRestraint_Distance_|Trnka|80.1|Rpb2|227|Rpb2|507|0|PSI|,19.294247916015454,2.72812589988848,8.201611244146838,26.37222345837674,1.0
CrossLinkingMassSpectrometryRestraint_Distance_|Trnka|81.1|Rpb1|15|Rpb7|73|0|PSI|,27.493994929597815,10.460585242206621,11.144554611614705,72.10634126485338,0.7125509661407552
CrossLinkingMassSpectrometryRestraint_Distance_|Trnka|82.1|Rpb2|775|Rpb2|1102|0|PSI|,19.422877440139594,4.661366935410584e-12,19.422877440134933,19.422877440134933,1.0
CrossLinkingMassSpectrometryRestraint_Distance_|Trnka|83.1|Rpb1|15|Rpb5|171|0|PSI|,21.208969852217326,1.854598734972809e-12,21.20896985221547,21.20896985221547,1.0
CrossLinkingMassSpectrometryRestraint_Distance_|Trnka|84.1|Rpb1|1300|Rpb1|1093|0|PSI|,25.067605262972833,3.435626392181429e-12,25.06760526297627,25.06760526297627,1.0
CrossLinkingMassSpectrometryRestraint_Distance_|Trnka|85.1|Rpb1|1|Rpb2|934|0|PSI|,36.55492416186438,7.170734745472488,23.031708256947486,50.53942547280242,0.2464988477220351
CrossLinkingMassSpectrometryRestraint_Distance_|Trnka|86.1|Rpb1|1109|Rpb2|507|0|PSI|,19.013514495545248,2.979531246151541,12.28497306613911,30.558788125906347,0.9999113632334693
CrossLinkingMassSpectrometryRestraint_Distance_|Trnka|87.1|Rpb2|228|Rpb2|510|0|PSI|,15.889141568768036,1.3696318243908386e-12,15.889141568766666,15.889141568766666,1.0
CrossLinkingMassSpectrometryRestraint_Distance_|Trnka|88.1|Rpb7|73|Rpb6|70|0|PSI|,26.953820010472306,9.351018660199385,7.483973415292965,80.68537067815927,0.7086509484134019
CrossLinkingMassSpectrometryRestraint_Distance_|Trnka|89.1|Rpb10|68|Rpb10|59|0|PSI|,19.702292440335757,3.5655772117995252,4.406687686651754,28.746403595936016,1.0
CrossLinkingMassSpectrometryRestraint_Distance_|Trnka|9.1|Rpb1|372|Rpb1|403|0|PSI|,8.700807524233818,1.7409068584993796e-13,8.700807524233644,8.700807524233644,1.0
CrossLinkingMassSpectrometryRestraint_Distance_|Trnka|90.1|Rpb2|458|Rpb2|471|0|PSI|,18.739636942544664,3.0023806409554497,9.521669297713517,28.060606293906233,1.0
CrossLinkingMassSpectrometryRestraint_Distance_|Trnka|91.1|Rpb2|426|Rpb2|471|0|PSI|,21.314436618565605,4.2506468993981255,11.446770735732164,34.312717385956994,0.9531111505052295
CrossLinkingMassSpectrometryRestraint_Distance_|Trnka|92.1|Rpb1|129|Rpb6|67|0|PSI|,22.372006867096342,5.205341262327325,10.226221970882854,40.995636454088974,0.9031200141818826
CrossLinkingMassSpectrometryRestraint_Distance_|Trnka|93.1|Rpb1|1350|Rpb5|201|0|PSI|,14.023916714565111,2.177910008694122e-12,14.023916714567289,14.023916714567289,1.0
CrossLinkingMassSpectrometryRestraint_Distance_|Trnka|94.1|Rpb1|1102|Rpb1|332|0|PSI|,21.4952962815863,2.6113602877490695e-12,21.495296281583688,21.495296281583688,1.0
CrossLinkingMassSpectrometryRestraint_Distance_|Trnka|95.1|Rpb6|70|Rpb5|166|0|PSI|,15.110478382953236,3.431044093244699,7.456438609659204,28.750687506584367,1.0
CrossLinkingMassSpectrometryRestraint_Distance_|Trnka|96.1|Rpb2|864|Rpb2|471|0|PSI|,32.028595533351364,4.807922852602139,14.520820689816738,44.36105713036187,0.2938308810494593
CrossLinkingMassSpectrometryRestraint_Distance_|Trnka|97.1|Rpb1|688|Rpb1|728|0|PSI|,16.314805634980875,1.6236621108861563e-12,16.31480563497925,16.31480563497925,1.0
CrossLinkingMassSpectrometryRestraint_Distance_|Trnka|98.1|Rpb2|471|Rpb2|422|0|PSI|,18.777422008252973,3.8891666098005166,9.089905070240395,30.650171027243974,0.9981386279028541
CrossLinkingMassSpectrometryRestraint_Distance_|Trnka|99.1|Rpb1|773|Rpb1|1093|0|PSI|,12.440994022993456,1.9043389309299335e-12,12.440994022991552,12.440994022991552,1.0
